ply
format ascii 1.0
comment points from segmentation voxel cloud not selected for PDI
element vertex 2972
property float x
property float y
property float z
property uchar red
property uchar green
property uchar blue
end_header
6.948304 -3.132953 1.289007 220 55 55
2.980446 -3.129544 -0.549023 220 55 55
-1.345965 3.873301 1.996742 220 55 55
4.391424 2.354674 3.104842 220 55 55
7.105068 -3.152636 0.253152 220 55 55
-0.230145 2.794347 1.207802 220 55 55
6.079906 7.094264 -0.765564 220 55 55
0.108292 -4.012591 -4.073543 220 55 55
4.174005 -3.707990 -0.603967 220 55 55
10.456335 2.824163 -0.156006 220 55 55
6.141055 7.217635 -0.716212 220 55 55
1.656866 3.787424 -0.281486 220 55 55
7.150089 2.963749 0.224529 220 55 55
6.309091 6.968388 -0.654189 220 55 55
7.889883 7.862417 -0.830297 220 55 55
-0.105211 2.571469 -0.203427 220 55 55
8.479680 -4.238959 -0.520319 220 55 55
5.657850 -3.498633 0.001991 220 55 55
9.598145 3.415954 -0.382906 220 55 55
7.926356 7.965440 -0.821032 220 55 55
1.225133 3.248884 -0.190478 220 55 55
9.288871 -4.424636 -0.006986 220 55 55
1.715502 3.733238 -0.286080 220 55 55
-1.359310 2.432795 0.351974 220 55 55
3.459562 1.145162 4.160566 220 55 55
-0.341577 -1.797368 0.733511 220 55 55
3.382473 -3.406030 0.843103 220 55 55
2.897339 -3.216520 -0.580361 220 55 55
7.981420 3.404016 0.332960 220 55 55
5.308209 -5.427919 -0.855746 220 55 55
4.151275 -3.530220 -0.563203 220 55 55
-0.548048 -2.811690 1.035836 220 55 55
4.061894 1.635173 3.187382 220 55 55
5.869965 5.654226 -0.659807 220 55 55
1.195768 3.302504 -0.196673 220 55 55
6.912270 -1.462240 0.177411 220 55 55
9.582647 3.422001 -0.358877 220 55 55
7.993877 1.908337 2.209406 220 55 55
3.986630 3.618975 3.030225 220 55 55
5.327017 4.830522 0.837064 220 55 55
1.092531 4.246938 -0.212397 220 55 55
6.880369 -1.498702 0.133730 220 55 55
5.954640 -4.230085 -0.579403 220 55 55
1.554332 3.904197 -0.337580 220 55 55
5.738385 -3.427486 -0.004975 220 55 55
1.147775 4.187597 -0.219270 220 55 55
-1.645904 2.771089 1.395162 220 55 55
2.932073 4.588095 -1.731751 220 55 55
3.929100 3.728195 3.037547 220 55 55
2.996140 -3.169898 0.761894 220 55 55
4.326862 6.588942 -0.651611 220 55 55
8.666617 -3.880524 -0.471749 220 55 55
3.000364 -3.121199 0.792415 220 55 55
6.944888 -2.257379 0.546719 220 55 55
7.887669 7.809248 -0.876751 220 55 55
-1.071738 2.364107 0.091114 220 55 55
4.112916 3.572085 3.025391 220 55 55
1.856490 -2.691391 0.830279 220 55 55
7.180944 4.915227 -1.247156 220 55 55
4.445020 1.966568 3.283381 220 55 55
4.220784 6.788078 -0.554083 220 55 55
8.400292 -4.403668 -0.482770 220 55 55
7.768750 -2.343082 0.466007 220 55 55
5.486351 -3.813606 0.011011 220 55 55
9.265065 -4.528076 -0.029604 220 55 55
9.125213 2.526606 -0.392423 220 55 55
4.363885 -4.408029 -0.679031 220 55 55
7.893254 7.922421 -0.836978 220 55 55
7.813054 3.352996 0.327744 220 55 55
-1.757371 2.807309 1.434223 220 55 55
2.693665 -4.189659 0.092008 220 55 55
7.233684 7.314116 1.827297 220 55 55
6.124217 7.278112 -0.732759 220 55 55
7.936561 7.636317 -0.892379 220 55 55
5.059710 -3.064891 -0.493392 220 55 55
5.532625 4.251008 1.614968 220 55 55
7.103102 2.991247 0.209073 220 55 55
1.677091 -1.992701 3.982572 220 55 55
7.431265 7.097324 -1.002184 220 55 55
6.279092 6.961993 -0.668502 220 55 55
5.714320 7.586746 -0.700448 220 55 55
4.050800 2.470982 3.068707 220 55 55
-0.111623 2.898637 1.248964 220 55 55
2.641902 -3.187179 0.626978 220 55 55
-1.629204 2.817564 1.407895 220 55 55
4.122124 1.456060 3.170589 220 55 55
5.843082 -3.270524 -0.479577 220 55 55
1.272751 3.135883 -0.187466 220 55 55
4.475604 3.322194 3.045836 220 55 55
1.902108 -2.758362 0.848739 220 55 55
7.221293 4.895367 -1.247884 220 55 55
3.313398 2.573305 3.181338 220 55 55
5.600866 -3.646199 0.013104 220 55 55
6.993195 -3.049604 1.329547 220 55 55
6.956605 7.751607 -0.894300 220 55 55
2.766718 -2.892202 0.816900 220 55 55
7.339933 3.090368 0.267620 220 55 55
9.971691 3.736973 -0.285576 220 55 55
3.157639 2.420976 3.156718 220 55 55
7.222226 4.967420 -1.212621 220 55 55
6.307517 4.706613 2.687375 220 55 55
5.347594 7.010864 -0.634258 220 55 55
3.901168 1.181506 4.171427 220 55 55
7.166833 4.883655 -1.240075 220 55 55
7.902465 7.986598 -0.838023 220 55 55
9.035246 2.602034 -0.353246 220 55 55
7.898725 7.700471 -0.820599 220 55 55
7.159939 2.975921 0.210969 220 55 55
5.662879 -4.660206 -0.644653 220 55 55
7.197832 3.008074 0.315963 220 55 55
2.828763 -2.902283 0.710057 220 55 55
1.705761 3.830083 -0.256728 220 55 55
7.191319 -1.889971 0.530463 220 55 55
1.817067 3.656280 -0.326207 220 55 55
1.703680 3.784323 -0.265725 220 55 55
7.137814 4.868614 -1.233924 220 55 55
7.249095 8.407409 -0.901925 220 55 55
5.917748 -2.269786 0.187791 220 55 55
4.360121 -3.890059 -0.600590 220 55 55
7.533192 1.614452 4.302616 220 55 55
5.006617 7.038759 -0.670133 220 55 55
-1.153744 2.368664 0.133612 220 55 55
4.157782 6.865612 -0.642756 220 55 55
6.519588 -3.475479 -0.517205 220 55 55
5.435324 -5.160943 -0.774944 220 55 55
6.694860 2.715779 0.234624 220 55 55
7.993629 8.739873 -0.899922 220 55 55
8.421858 -4.367935 -0.469303 220 55 55
6.207651 -2.034957 0.221792 220 55 55
-1.762965 2.790089 1.443463 220 55 55
5.576038 -4.759736 -0.672816 220 55 55
5.932723 -2.856799 0.584435 220 55 55
4.414754 2.164243 3.074309 220 55 55
5.163520 -2.996278 4.234566 220 55 55
3.182745 -4.087090 -0.712793 220 55 55
9.234557 -4.423962 -0.057918 220 55 55
7.222691 4.924297 -1.206142 220 55 55
4.717582 1.628772 3.263910 220 55 55
5.530225 4.370423 0.943830 220 55 55
5.799833 -3.351238 -0.033364 220 55 55
3.844874 -5.302718 -0.352470 220 55 55
7.134535 4.915705 -1.188151 220 55 55
9.850572 3.529317 -0.522464 220 55 55
-1.232406 2.256635 0.191668 220 55 55
1.825226 3.599957 -0.406085 220 55 55
7.110941 -1.795603 0.559531 220 55 55
7.699510 3.280029 0.389714 220 55 55
7.450545 5.307722 -2.163339 220 55 55
2.830016 -3.265571 -0.589536 220 55 55
5.927622 -3.125808 -0.532181 220 55 55
5.680363 7.574775 -0.722265 220 55 55
7.550270 -3.939685 -0.011600 220 55 55
2.389736 -0.848636 -1.093301 220 55 55
7.222324 8.446065 -0.936811 220 55 55
1.839282 3.569035 -0.356664 220 55 55
6.352574 -3.731405 -0.469668 220 55 55
7.110888 -1.291613 0.075236 220 55 55
7.310948 3.103842 0.208666 220 55 55
5.466690 -4.937383 -0.806529 220 55 55
6.815750 -1.916928 0.504339 220 55 55
5.181587 -3.012285 4.170030 220 55 55
4.598123 3.307397 3.051549 220 55 55
4.486944 2.176725 3.104602 220 55 55
7.335541 8.226630 -0.805409 220 55 55
3.385623 -3.032178 -0.031082 220 55 55
1.558913 3.904580 -0.299586 220 55 55
2.897951 -4.402847 -0.838603 220 55 55
7.370974 8.223492 -0.795001 220 55 55
8.675116 -0.410597 0.572094 220 55 55
8.709667 -3.807521 -0.507810 220 55 55
3.556470 -3.245298 0.010569 220 55 55
1.133152 3.190148 -0.221860 220 55 55
5.784604 -3.232230 0.004714 220 55 55
5.810560 -2.351535 0.220559 220 55 55
6.374036 -3.700230 -0.465701 220 55 55
5.637841 5.987651 0.877906 220 55 55
5.848720 -3.359164 0.067785 220 55 55
4.566673 3.380804 3.035216 220 55 55
4.506582 -4.040764 -0.608098 220 55 55
4.713330 -4.371754 -0.580944 220 55 55
1.114999 4.212123 -0.193086 220 55 55
6.920114 -3.156227 1.288498 220 55 55
3.501886 1.989757 3.152335 220 55 55
6.242031 -2.046551 0.149843 220 55 55
-1.863513 2.765657 1.330805 220 55 55
7.717446 -2.670143 0.229611 220 55 55
4.543390 3.269541 3.042595 220 55 55
0.159539 0.464715 -0.541169 220 55 55
7.467534 3.141334 0.306254 220 55 55
5.492071 -4.910893 -0.727375 220 55 55
6.090531 7.035874 -0.733866 220 55 55
8.109772 1.673604 4.311529 220 55 55
7.014646 7.786200 -0.793420 220 55 55
7.590276 1.583033 4.279496 220 55 55
-0.353054 2.615559 -0.098086 220 55 55
3.865763 1.764160 3.151263 220 55 55
-1.232309 2.564775 0.356218 220 55 55
3.083268 -2.562319 0.074617 220 55 55
3.836134 3.237577 3.111016 220 55 55
4.341479 6.551770 -0.640646 220 55 55
9.227348 -4.468651 -0.083591 220 55 55
9.029183 -3.343374 -0.408802 220 55 55
4.008561 2.415762 3.058541 220 55 55
6.028835 5.530872 -0.717515 220 55 55
9.228463 -4.479850 -0.058350 220 55 55
-1.160009 2.575718 0.271184 220 55 55
5.380336 -5.163088 -0.834004 220 55 55
5.147385 6.964498 -0.750965 220 55 55
5.861803 5.593020 -0.604643 220 55 55
5.254615 6.805104 -0.699096 220 55 55
4.131861 3.274856 3.045925 220 55 55
2.567564 -2.689033 0.826424 220 55 55
3.064805 -2.601870 0.057574 220 55 55
7.855683 7.876935 -0.883506 220 55 55
6.415730 4.975437 2.589461 220 55 55
7.235451 4.928685 -1.235318 220 55 55
3.972348 3.732952 3.038201 220 55 55
9.074882 2.606671 -0.386319 220 55 55
-1.290183 2.306389 0.245958 220 55 55
5.214935 -3.453167 0.689447 220 55 55
7.225696 8.280435 -0.869423 220 55 55
-1.178539 2.249210 0.152259 220 55 55
4.225699 6.669748 -0.586134 220 55 55
3.116952 -4.151485 -0.778957 220 55 55
4.482977 3.312041 3.039047 220 55 55
3.209553 2.401903 3.155479 220 55 55
8.720248 -3.795493 -0.457159 220 55 55
0.942130 -1.715856 -0.650627 220 55 55
5.458410 -3.722258 -0.060138 220 55 55
2.914335 -2.991241 0.843776 220 55 55
0.163235 2.696680 -0.292946 220 55 55
3.217442 2.532029 3.179954 220 55 55
6.171721 6.925698 -0.715877 220 55 55
7.131037 6.706455 -0.811829 220 55 55
2.411300 -0.867725 -1.084813 220 55 55
4.134685 6.696602 -0.667672 220 55 55
7.285070 7.205301 1.814257 220 55 55
5.393439 4.801531 0.751955 220 55 55
4.148800 6.906149 -0.689290 220 55 55
5.925548 -2.276533 0.151391 220 55 55
7.096391 -1.756147 0.571632 220 55 55
0.125398 -4.132093 -4.221280 220 55 55
6.299637 -3.775223 -0.576945 220 55 55
6.999428 -2.327354 0.539156 220 55 55
2.776449 -4.267155 0.070300 220 55 55
-1.836064 2.782959 1.393346 220 55 55
7.358557 7.364629 1.901505 220 55 55
3.394791 -3.454898 0.743792 220 55 55
3.032161 -2.611561 0.065986 220 55 55
6.976631 -2.283233 0.540389 220 55 55
1.751940 3.714714 -0.275048 220 55 55
6.106871 7.207702 -0.761996 220 55 55
5.626738 7.692309 -0.726959 220 55 55
7.475474 3.141544 0.348557 220 55 55
4.649818 2.898549 3.013584 220 55 55
-0.190976 2.881977 1.203607 220 55 55
7.422658 7.058334 -0.937755 220 55 55
5.150320 -3.255732 -0.719000 220 55 55
7.351342 7.337505 1.870098 220 55 55
7.429190 7.036534 -0.893871 220 55 55
9.701446 3.409438 -0.515510 220 55 55
4.644822 3.307651 3.039616 220 55 55
9.239236 -4.521102 -0.050325 220 55 55
4.408164 2.227435 3.091037 220 55 55
1.958948 -2.983508 -0.547393 220 55 55
1.905677 -2.994735 -0.577298 220 55 55
3.591133 3.060050 3.098699 220 55 55
5.604481 -3.592711 0.005949 220 55 55
5.531734 4.247898 1.596063 220 55 55
2.224429 -3.303993 1.211549 220 55 55
9.398439 1.991801 -0.223267 220 55 55
-1.195615 2.443005 0.240688 220 55 55
8.085310 3.079596 0.797391 220 55 55
3.179512 -4.085931 -0.766931 220 55 55
5.656922 7.686640 -0.710747 220 55 55
1.559318 3.906981 -0.243446 220 55 55
7.849944 7.937099 -0.844393 220 55 55
5.189084 6.966576 -0.704310 220 55 55
-0.465359 -1.505553 0.500951 220 55 55
5.475380 -3.745143 -0.022727 220 55 55
7.644537 3.204947 0.411500 220 55 55
7.902372 3.364197 0.421866 220 55 55
1.301137 3.079752 -0.236830 220 55 55
0.812187 3.553924 -0.228610 220 55 55
6.297440 -3.794560 -0.515877 220 55 55
6.795322 -3.397065 0.305438 220 55 55
1.607073 -2.073505 3.554232 220 55 55
4.374763 -4.439300 -0.750899 220 55 55
7.546102 -2.576830 1.306386 220 55 55
6.197123 -2.071457 0.178320 220 55 55
6.748675 -3.264496 0.450386 220 55 55
6.141226 7.262144 -0.710499 220 55 55
-1.972192 -2.092669 2.892956 220 55 55
2.595263 -2.769901 0.746737 220 55 55
6.917449 -2.218268 0.531484 220 55 55
5.436814 -3.648899 -0.101943 220 55 55
-0.540882 -2.785928 1.072043 220 55 55
7.380312 -2.062976 0.435336 220 55 55
0.457271 3.840179 -0.223860 220 55 55
2.393803 1.133208 4.115336 220 55 55
6.937992 7.789519 -0.830359 220 55 55
5.437768 -3.766610 -0.048914 220 55 55
7.945257 7.701045 -0.774290 220 55 55
9.941907 3.741089 -0.282315 220 55 55
2.417061 -0.870686 -1.104341 220 55 55
9.225777 -4.334538 -0.075503 220 55 55
3.715150 3.151475 3.116574 220 55 55
7.415165 3.128703 0.349153 220 55 55
0.137639 -4.177363 -4.184533 220 55 55
-1.185103 2.288464 0.176422 220 55 55
5.788096 -3.291847 0.063924 220 55 55
7.594730 -2.252948 0.425768 220 55 55
7.526911 -2.608071 1.283943 220 55 55
8.604073 -3.949229 -0.421422 220 55 55
9.512338 2.005951 -0.341890 220 55 55
2.673029 -3.169574 0.660911 220 55 55
2.784995 -3.173742 0.704637 220 55 55
9.070288 8.939682 -0.940487 220 55 55
7.152736 -1.874641 0.510283 220 55 55
6.952799 7.744017 -0.829713 220 55 55
7.334058 -1.994437 0.511442 220 55 55
7.427360 -2.891228 0.249809 220 55 55
9.807946 3.546584 -0.472844 220 55 55
5.448375 -4.972969 -0.771039 220 55 55
5.425296 -3.829222 -0.031873 220 55 55
3.811085 1.802950 3.149660 220 55 55
7.946262 7.763048 -0.806349 220 55 55
9.621202 2.061010 -0.239450 220 55 55
2.863328 -4.342810 0.005670 220 55 55
-0.192109 2.852474 1.178170 220 55 55
4.064222 1.515162 3.170733 220 55 55
9.375715 2.013370 -0.137447 220 55 55
2.992409 -3.118557 -0.693029 220 55 55
-1.192258 2.274944 0.226918 220 55 55
6.300149 -3.792678 -0.497711 220 55 55
10.643405 8.104823 -1.150909 220 55 55
0.969778 3.433929 -0.275826 220 55 55
5.581598 5.947669 0.932275 220 55 55
7.155476 4.172761 2.712468 220 55 55
4.424200 -4.006364 -0.637275 220 55 55
-0.371214 -1.831220 0.685001 220 55 55
7.250633 -1.946643 0.434144 220 55 55
0.508674 3.839955 -0.190925 220 55 55
8.695869 -3.838558 -0.466079 220 55 55
0.707370 3.691073 -0.330644 220 55 55
5.090896 -3.251082 -0.676308 220 55 55
8.025965 3.186146 0.787126 220 55 55
-1.652885 2.790641 1.427490 220 55 55
4.070089 3.831852 3.071179 220 55 55
7.910633 7.740893 -0.822968 220 55 55
2.682536 -4.178705 0.123715 220 55 55
5.955807 -3.112896 -0.514472 220 55 55
4.238418 1.334522 3.147814 220 55 55
8.690509 -3.824714 -0.409454 220 55 55
9.572931 2.039677 -0.278899 220 55 55
5.371532 4.756968 0.769158 220 55 55
7.655278 -2.261830 0.473668 220 55 55
3.880085 3.713828 3.039220 220 55 55
-0.267336 2.793255 1.207707 220 55 55
4.823112 -6.413456 -2.260934 220 55 55
5.181671 7.017032 -0.701889 220 55 55
0.966854 -1.711289 -0.599281 220 55 55
5.889481 3.777682 1.111747 220 55 55
0.567108 3.764546 -0.261587 220 55 55
4.031576 1.173503 4.178190 220 55 55
1.704309 3.667375 -0.322396 220 55 55
7.459283 5.332548 -2.157908 220 55 55
-1.845855 2.793322 1.343731 220 55 55
6.468125 -1.814834 0.196483 220 55 55
5.695981 -2.963408 0.657305 220 55 55
5.518274 4.404171 0.934595 220 55 55
7.122549 4.890955 -1.159166 220 55 55
2.149375 -3.349535 1.191751 220 55 55
7.953033 7.747074 -0.774093 220 55 55
-1.400115 2.447715 0.384810 220 55 55
6.256185 -2.018829 0.174251 220 55 55
0.957919 -1.613079 -0.649227 220 55 55
4.111805 1.511692 3.180911 220 55 55
5.586594 5.730989 1.062178 220 55 55
5.352541 7.063004 -0.618905 220 55 55
7.960803 7.810862 -0.784462 220 55 55
1.856918 3.630433 -0.300158 220 55 55
-1.327217 3.817850 2.080068 220 55 55
5.425897 -4.995578 -0.802348 220 55 55
7.742420 -2.623865 0.299398 220 55 55
4.761355 2.821977 2.969309 220 55 55
5.134323 7.032416 -0.641546 220 55 55
6.949295 -1.683807 0.455584 220 55 55
7.882763 6.416554 -0.828925 220 55 55
7.841539 6.395139 -0.867471 220 55 55
4.044761 1.192157 4.195376 220 55 55
4.342121 -4.201270 -0.687579 220 55 55
7.908248 6.472042 -0.972247 220 55 55
6.152806 6.949840 -0.727533 220 55 55
4.828957 -6.410284 -2.211869 220 55 55
2.809145 -4.285534 0.014354 220 55 55
0.493937 3.828717 -0.262930 220 55 55
3.844158 -5.292286 -0.320592 220 55 55
9.345585 2.011732 -0.128938 220 55 55
6.175290 6.914464 -0.779052 220 55 55
6.187024 -2.067168 0.228529 220 55 55
-0.533712 -2.828671 1.043119 220 55 55
6.801856 -1.969193 0.541575 220 55 55
5.620674 7.632078 -0.758286 220 55 55
4.172420 6.912509 -0.645101 220 55 55
5.943484 -2.235499 0.199266 220 55 55
8.393132 -4.394039 -0.495481 220 55 55
7.362540 5.387689 -0.424386 220 55 55
3.117197 2.406983 3.164423 220 55 55
5.600335 5.966745 0.953916 220 55 55
5.226662 -3.413685 0.691224 220 55 55
3.988744 1.739775 3.188816 220 55 55
9.541272 3.385969 -0.371866 220 55 55
4.539619 3.018727 3.014091 220 55 55
2.879289 -2.980325 0.815219 220 55 55
8.023865 3.174277 0.828623 220 55 55
1.768677 3.718906 -0.244682 220 55 55
7.738679 3.346463 0.346481 220 55 55
1.641846 3.721303 -0.328011 220 55 55
7.941484 7.687871 -0.889518 220 55 55
7.856228 -2.533139 0.205134 220 55 55
7.770016 3.357288 0.354366 220 55 55
4.342887 2.125922 3.047602 220 55 55
7.623581 9.239263 -0.921469 220 55 55
5.734593 -3.227232 0.076973 220 55 55
5.832809 3.850523 1.048430 220 55 55
7.248036 8.328124 -0.859699 220 55 55
8.050335 8.702286 -0.943100 220 55 55
6.023786 -3.162645 -0.460820 220 55 55
7.488259 7.185477 -0.904945 220 55 55
3.388944 -2.989621 -0.042269 220 55 55
6.965066 -1.395904 0.160482 220 55 55
5.579691 5.822242 1.037417 220 55 55
5.740730 7.570913 -0.669299 220 55 55
4.175403 -3.527441 -0.555028 220 55 55
7.879297 7.861286 -0.903445 220 55 55
-1.650052 2.814160 1.436288 220 55 55
3.992004 1.211711 4.146089 220 55 55
5.301190 -5.392163 -0.890917 220 55 55
2.862224 -3.243048 -0.592378 220 55 55
5.654025 4.092946 1.148027 220 55 55
8.607827 -3.991159 -0.504836 220 55 55
1.668836 3.689252 -0.310843 220 55 55
9.824220 3.596848 -0.438438 220 55 55
0.133480 -4.125701 -4.188591 220 55 55
2.167359 -3.318765 1.173124 220 55 55
7.946610 7.867832 -0.818496 220 55 55
6.999681 -1.734602 0.451707 220 55 55
2.888996 -4.531866 0.893958 220 55 55
9.236542 -4.189938 -0.061145 220 55 55
6.106516 -2.873809 0.000400 220 55 55
7.407104 -2.681820 1.311551 220 55 55
6.028581 -2.188561 0.135488 220 55 55
6.455696 -3.619309 -0.428692 220 55 55
3.809272 -5.420995 -0.517058 220 55 55
6.931766 -1.438475 0.176037 220 55 55
5.664037 7.452008 -0.703692 220 55 55
6.658637 2.696745 0.271666 220 55 55
2.926139 4.635197 -1.728213 220 55 55
4.220271 -3.660882 -0.573139 220 55 55
3.440645 -3.489113 0.768351 220 55 55
8.510580 -4.208933 -0.476644 220 55 55
5.462391 4.463217 0.988768 220 55 55
7.283527 -3.029641 0.310152 220 55 55
4.822060 2.831217 3.029586 220 55 55
6.833760 -2.127161 0.556221 220 55 55
-1.693012 2.785294 1.441552 220 55 55
6.260502 6.972129 -0.682549 220 55 55
0.453796 3.892914 -0.194647 220 55 55
7.345880 5.305069 -0.444101 220 55 55
9.569713 3.388499 -0.413787 220 55 55
5.913861 5.557043 -0.636538 220 55 55
-1.708665 2.777301 1.405826 220 55 55
5.839971 3.863709 1.073553 220 55 55
5.546634 -3.702116 -0.030576 220 55 55
3.208498 -4.051294 -0.675147 220 55 55
6.224466 -2.038814 0.191368 220 55 55
7.940668 7.812535 -0.817711 220 55 55
5.972688 5.542257 -0.758659 220 55 55
-1.823659 2.783090 1.435485 220 55 55
7.566295 -3.941132 -0.007338 220 55 55
7.038594 4.102820 2.714185 220 55 55
7.964428 8.828370 -0.900519 220 55 55
7.910239 7.980133 -0.792980 220 55 55
7.940693 7.929102 -0.817228 220 55 55
5.637814 7.579313 -0.777918 220 55 55
-1.781073 2.784007 1.402386 220 55 55
2.261741 -3.163914 -2.263374 220 55 55
9.312726 -4.430502 0.017225 220 55 55
7.904172 7.803863 -0.842438 220 55 55
7.940617 7.695364 -0.820095 220 55 55
7.860784 7.911348 -0.866075 220 55 55
7.851152 7.869612 -0.843819 220 55 55
7.915025 7.770809 -0.879796 220 55 55
2.856365 -3.239667 -0.651708 220 55 55
7.934820 7.740636 -0.884337 220 55 55
7.316630 -2.010862 0.439147 220 55 55
1.569177 3.889496 -0.249857 220 55 55
-1.879039 2.765728 1.381760 220 55 55
-1.899512 2.807586 1.395269 220 55 55
7.595819 3.255350 0.305844 220 55 55
7.786198 -2.007578 0.815944 220 55 55
7.343364 3.117692 0.204724 220 55 55
2.981949 -4.322708 -0.830216 220 55 55
-0.482250 -1.530372 0.488319 220 55 55
6.215717 -3.885479 -0.582414 220 55 55
7.103926 -1.276593 0.102165 220 55 55
-0.364544 2.618973 -0.119716 220 55 55
-1.904542 2.737502 1.382109 220 55 55
7.716074 3.321494 0.313894 220 55 55
6.935631 7.695052 -0.831997 220 55 55
3.090466 -3.017734 -0.681668 220 55 55
7.246040 3.062665 0.202397 220 55 55
6.116444 7.140468 -0.735698 220 55 55
7.263235 8.516288 -0.910984 220 55 55
7.246190 8.468035 -0.911488 220 55 55
3.102761 -4.184151 -0.864012 220 55 55
7.066375 -1.322545 0.078803 220 55 55
6.453704 -3.587315 -0.533988 220 55 55
5.676343 7.511060 -0.706139 220 55 55
7.235780 8.421578 -0.939166 220 55 55
7.303670 7.348833 1.839656 220 55 55
6.853273 -1.528290 0.180089 220 55 55
7.413613 3.120198 0.310677 220 55 55
2.960194 -4.352901 -0.816720 220 55 55
3.043121 -2.590614 0.083996 220 55 55
8.637575 -0.321495 0.586356 220 55 55
-1.880659 2.719300 1.353630 220 55 55
2.987842 4.523800 -1.685302 220 55 55
4.435919 2.046204 3.273889 220 55 55
7.588917 3.192705 0.375711 220 55 55
1.173526 3.136821 -0.221890 220 55 55
5.874027 5.599428 -0.742255 220 55 55
6.232471 6.946102 -0.690611 220 55 55
6.202040 6.913310 -0.698280 220 55 55
6.093312 7.155615 -0.766221 220 55 55
6.115056 7.261128 -0.760995 220 55 55
6.094437 7.086573 -0.735252 220 55 55
9.591456 3.370517 -0.456307 220 55 55
6.165855 6.951670 -0.755039 220 55 55
6.190646 6.911949 -0.756719 220 55 55
1.051410 4.161919 -0.217937 220 55 55
1.760774 -3.994492 0.246172 220 55 55
6.075453 7.041400 -0.752124 220 55 55
5.685290 7.631110 -0.719825 220 55 55
7.429559 7.139437 -1.017329 220 55 55
4.824041 -6.455941 -2.209840 220 55 55
4.876377 2.633008 3.009561 220 55 55
-0.872693 3.597426 0.262652 220 55 55
5.155154 -2.984645 4.265491 220 55 55
5.605342 7.663512 -0.744196 220 55 55
5.672247 7.533391 -0.767896 220 55 55
7.259962 3.063493 0.318186 220 55 55
5.675146 7.569976 -0.766155 220 55 55
3.823219 -5.377999 -0.529304 220 55 55
7.543503 -3.891484 -0.041852 220 55 55
0.132856 -4.225377 -4.105322 220 55 55
7.523170 -3.936621 -0.039677 220 55 55
5.797597 -3.396195 -0.010513 220 55 55
5.311791 7.087803 -0.653311 220 55 55
5.307353 7.034651 -0.640385 220 55 55
5.316288 6.933931 -0.612655 220 55 55
1.600251 3.794731 -0.296297 220 55 55
5.121863 7.046617 -0.611673 220 55 55
5.205261 7.025851 -0.664391 220 55 55
7.933262 -2.450032 0.243550 220 55 55
9.423325 9.996605 -1.089189 220 55 55
5.206907 6.976634 -0.676354 220 55 55
7.592538 -2.213549 0.487040 220 55 55
4.049726 1.570923 3.178442 220 55 55
1.783310 3.692345 -0.243650 220 55 55
5.135576 7.020130 -0.711917 220 55 55
3.188206 -3.290024 0.754550 220 55 55
5.032554 7.019846 -0.697970 220 55 55
-1.040203 3.732184 0.412209 220 55 55
8.546124 -4.182697 -0.470514 220 55 55
7.872537 -1.901241 0.823531 220 55 55
9.287453 -4.483004 -0.007325 220 55 55
5.278157 7.069979 -0.664796 220 55 55
1.848070 3.688930 -0.259975 220 55 55
8.739226 -3.776121 -0.368594 220 55 55
5.834987 -3.346359 0.022651 220 55 55
7.897777 6.378071 -0.788089 220 55 55
6.803110 -3.288293 0.450819 220 55 55
-0.885630 3.600666 0.290974 220 55 55
-1.156830 2.400962 0.157004 220 55 55
0.854349 3.531589 -0.213746 220 55 55
3.344333 -3.349602 0.744661 220 55 55
4.175167 -3.464532 -0.554313 220 55 55
6.037426 -2.161668 0.176833 220 55 55
-0.147712 2.890078 1.261291 220 55 55
5.632087 4.104138 1.213339 220 55 55
6.971739 -3.096992 1.312496 220 55 55
4.807440 -6.358308 -2.268732 220 55 55
9.386552 2.029018 -0.177923 220 55 55
5.934327 -4.266277 -0.588445 220 55 55
4.226313 6.732469 -0.551868 220 55 55
3.087027 0.711406 3.224936 220 55 55
2.125116 -3.354933 1.159818 220 55 55
4.284386 6.655437 -0.590405 220 55 55
4.305598 6.626613 -0.595244 220 55 55
4.339776 6.597563 -0.593452 220 55 55
4.356060 6.557682 -0.609827 220 55 55
4.354207 6.491737 -0.603335 220 55 55
7.301094 8.139351 -0.830602 220 55 55
7.284650 8.473381 -0.879640 220 55 55
2.750980 -3.338204 -0.584588 220 55 55
7.295028 -2.802498 1.270893 220 55 55
5.667492 6.019230 0.903277 220 55 55
7.991948 3.416999 0.337552 220 55 55
-1.447849 3.831960 2.005387 220 55 55
4.156941 -3.453866 -0.567687 220 55 55
6.415606 -1.871756 0.138375 220 55 55
5.803500 -3.297666 0.105280 220 55 55
5.808884 -3.346587 0.009131 220 55 55
5.817972 -3.326062 0.104468 220 55 55
4.293366 6.610837 -0.649088 220 55 55
4.057073 3.671670 3.034467 220 55 55
4.357764 6.502114 -0.646628 220 55 55
6.937811 -1.440669 0.130793 220 55 55
5.734557 -3.236129 0.103963 220 55 55
5.817108 -3.331471 0.064992 220 55 55
4.170904 6.954308 -0.656566 220 55 55
4.222628 6.636571 -0.609600 220 55 55
4.235097 6.617623 -0.644124 220 55 55
-1.158045 2.407631 0.194811 220 55 55
5.474597 4.424046 1.024885 220 55 55
5.554274 -4.844949 -0.719230 220 55 55
5.980523 -4.199557 -0.599986 220 55 55
5.793676 -3.289066 0.012645 220 55 55
5.744031 -3.265353 0.089270 220 55 55
1.225693 3.298457 -0.175155 220 55 55
5.851052 -3.407736 0.002892 220 55 55
1.597115 3.840856 -0.282858 220 55 55
0.522201 3.808158 -0.238313 220 55 55
7.201026 8.229953 -0.852318 220 55 55
7.367198 7.349679 1.901934 220 55 55
4.534761 -4.120804 -0.626204 220 55 55
0.464348 3.850964 -0.193915 220 55 55
5.439084 -3.868293 -0.038596 220 55 55
5.583538 5.791894 1.008010 220 55 55
5.322713 -5.319068 -0.789448 220 55 55
3.839767 -5.311401 -0.368014 220 55 55
5.788729 -3.224187 -0.038586 220 55 55
5.814012 -3.293800 -0.042000 220 55 55
5.829077 -3.271368 -0.059079 220 55 55
1.889787 -3.039273 -0.549065 220 55 55
4.415516 3.261691 3.036015 220 55 55
7.936922 7.749966 -0.925961 220 55 55
4.161231 -2.995649 -0.508039 220 55 55
7.295478 8.406592 -0.848300 220 55 55
9.448206 2.003875 -0.231477 220 55 55
3.362459 -3.381779 0.842133 220 55 55
3.845035 -5.301875 -0.386517 220 55 55
5.869154 -2.796729 0.569807 220 55 55
5.800685 -2.346913 0.140085 220 55 55
2.914637 1.081385 4.139480 220 55 55
2.965497 -3.151198 -0.649018 220 55 55
6.077586 -3.027661 -0.023432 220 55 55
1.799558 3.663727 -0.324040 220 55 55
7.162977 -2.929773 1.294479 220 55 55
4.401314 3.340652 3.034908 220 55 55
4.725013 1.586065 3.264126 220 55 55
10.467810 2.808266 -0.101101 220 55 55
4.523131 2.109989 3.106626 220 55 55
6.029287 -3.123699 -0.461585 220 55 55
5.889128 -2.774366 0.636845 220 55 55
-0.553914 -2.771143 1.074342 220 55 55
5.420385 -5.012951 -0.807082 220 55 55
0.753756 3.605102 -0.230014 220 55 55
7.630122 -2.291634 0.388433 220 55 55
0.546057 3.823339 -0.196649 220 55 55
7.296952 8.179193 -0.833763 220 55 55
7.713810 -2.323406 0.434968 220 55 55
5.381185 4.825012 0.845616 220 55 55
3.142176 -4.125727 -0.817626 220 55 55
2.928013 -3.186817 -0.531314 220 55 55
7.912970 7.759646 -0.943422 220 55 55
-1.072018 2.377491 0.116023 220 55 55
3.038018 -3.068535 -0.590570 220 55 55
2.998258 -2.597656 0.096645 220 55 55
3.985462 1.688634 3.181086 220 55 55
-1.258398 3.946848 1.964749 220 55 55
5.597884 -4.726632 -0.693216 220 55 55
4.162753 2.517768 3.093617 220 55 55
-0.041742 2.546902 -0.178943 220 55 55
9.231360 -4.437919 -0.088913 220 55 55
7.000755 -1.366603 0.123256 220 55 55
5.444590 -3.605357 -0.059924 220 55 55
0.521759 3.796193 -0.266381 220 55 55
3.391270 -2.933527 -0.035806 220 55 55
2.721735 -4.208565 0.111430 220 55 55
5.509863 4.222070 1.641436 220 55 55
3.294708 -3.237949 0.794456 220 55 55
6.779444 -2.004394 0.576630 220 55 55
7.898660 6.432702 -0.950573 220 55 55
5.601419 -2.585254 0.215249 220 55 55
6.946648 -2.158888 0.453965 220 55 55
9.251901 -4.190813 -0.038533 220 55 55
7.056633 -1.787102 0.490062 220 55 55
5.568700 -4.792600 -0.712528 220 55 55
4.766774 2.783548 3.011638 220 55 55
-1.334785 2.442494 0.341829 220 55 55
6.957001 -2.185097 0.453474 220 55 55
1.331581 3.054909 -0.236808 220 55 55
2.265692 -3.132715 -2.284903 220 55 55
7.989810 3.392299 0.326218 220 55 55
4.467258 3.205450 3.032080 220 55 55
2.651599 -2.810919 0.750259 220 55 55
5.366489 -5.169472 -0.871234 220 55 55
0.812299 3.555863 -0.275284 220 55 55
3.885052 1.691429 3.143007 220 55 55
7.466919 -2.858728 0.206882 220 55 55
4.687913 3.036157 3.040260 220 55 55
1.847005 3.604305 -0.340127 220 55 55
6.995746 -1.728061 0.491844 220 55 55
6.134261 -2.843030 -0.001343 220 55 55
-0.301598 -1.850862 0.762154 220 55 55
9.514761 2.032419 -0.233618 220 55 55
1.745610 -1.931529 4.161969 220 55 55
5.841019 -2.765599 0.568913 220 55 55
2.940315 -4.455356 0.893429 220 55 55
8.597115 -3.995717 -0.467649 220 55 55
8.046906 3.404315 0.392006 220 55 55
5.993210 -2.904819 0.618813 220 55 55
1.692104 3.836758 -0.263545 220 55 55
8.049587 3.177995 0.689640 220 55 55
0.418314 3.844607 -0.226775 220 55 55
1.834847 3.674860 -0.286346 220 55 55
1.768969 3.682716 -0.291203 220 55 55
4.469126 -4.008350 -0.626377 220 55 55
1.588698 3.866659 -0.248787 220 55 55
5.586744 -4.781724 -0.695076 220 55 55
3.895565 2.620571 3.085695 220 55 55
4.413642 -3.964180 -0.628463 220 55 55
5.447903 4.706046 0.633932 220 55 55
-0.526209 -2.813497 1.083022 220 55 55
5.674296 -4.558984 -0.688353 220 55 55
4.483387 3.364205 3.061039 220 55 55
5.558225 -2.617559 0.234326 220 55 55
9.482697 2.031029 -0.320093 220 55 55
9.853247 3.543124 -0.480177 220 55 55
6.923250 -2.153313 0.481425 220 55 55
4.117994 1.404360 3.149309 220 55 55
6.409725 -1.868857 0.081035 220 55 55
-1.343351 2.399156 0.331226 220 55 55
-1.216210 2.268717 0.190467 220 55 55
4.186531 3.307707 3.047239 220 55 55
6.085438 -2.941387 -0.045430 220 55 55
5.603759 5.956428 0.910797 220 55 55
1.889475 3.650049 -0.289419 220 55 55
1.870668 3.617408 -0.293906 220 55 55
4.191177 2.489418 3.100766 220 55 55
0.153150 2.686672 -0.330822 220 55 55
9.306285 -4.391178 0.022666 220 55 55
1.717260 3.788735 -0.252264 220 55 55
6.984280 -2.213776 0.452832 220 55 55
1.738426 3.745812 -0.247525 220 55 55
8.085277 3.093002 0.733961 220 55 55
7.331032 -2.968858 0.222907 220 55 55
1.675021 3.865730 -0.255229 220 55 55
7.952337 -2.529891 0.390830 220 55 55
-1.338935 2.359531 0.308359 220 55 55
1.654864 3.838357 -0.266447 220 55 55
5.337617 -5.229740 -0.930743 220 55 55
1.659381 3.732939 -0.298374 220 55 55
1.722130 3.679103 -0.308112 220 55 55
1.565192 3.901356 -0.278695 220 55 55
1.560657 3.872802 -0.281826 220 55 55
5.309445 -5.324104 -0.830807 220 55 55
7.841795 -1.413755 0.493227 220 55 55
1.708400 -1.965096 4.083895 220 55 55
0.876820 3.491172 -0.270278 220 55 55
1.662260 3.669849 -0.321471 220 55 55
4.623684 2.848689 2.997743 220 55 55
1.613327 3.682135 -0.309791 220 55 55
3.213108 1.090812 4.167096 220 55 55
1.121597 4.200971 -0.215865 220 55 55
1.153291 4.175280 -0.237959 220 55 55
1.070038 4.257897 -0.227494 220 55 55
1.123302 4.161870 -0.226163 220 55 55
1.058313 4.215001 -0.234008 220 55 55
0.452741 3.889764 -0.217358 220 55 55
8.979616 -3.376488 -0.396505 220 55 55
1.053096 4.228651 -0.287461 220 55 55
1.236494 3.131412 -0.218971 220 55 55
1.277413 3.117998 -0.218139 220 55 55
1.332877 3.028284 -0.237151 220 55 55
1.051838 4.245964 -0.285763 220 55 55
1.314438 3.033594 -0.236472 220 55 55
4.126989 -2.953349 -0.495078 220 55 55
7.003208 -2.379473 0.529951 220 55 55
3.677249 3.008873 3.096705 220 55 55
4.280006 1.379510 3.178605 220 55 55
1.130918 3.136518 -0.225492 220 55 55
1.110791 3.249981 -0.221075 220 55 55
1.145947 3.174299 -0.274951 220 55 55
-1.425197 4.044186 1.759669 220 55 55
5.631708 -3.537845 0.004514 220 55 55
7.672972 3.295032 0.302122 220 55 55
0.930348 3.452288 -0.268890 220 55 55
-1.226765 2.281238 0.227662 220 55 55
5.087671 7.016419 -0.691615 220 55 55
3.848647 -5.264862 -0.285194 220 55 55
2.164966 -3.456825 1.174355 220 55 55
-0.311814 2.819023 1.216149 220 55 55
4.126895 6.798592 -0.645539 220 55 55
0.697239 3.668935 -0.227734 220 55 55
0.745352 3.618032 -0.277702 220 55 55
0.785536 3.583404 -0.284348 220 55 55
5.594150 -4.781403 -0.660326 220 55 55
0.573698 3.785707 -0.225843 220 55 55
1.708634 -1.979241 3.973759 220 55 55
7.556039 -2.249498 0.394401 220 55 55
9.854697 3.509945 -0.533837 220 55 55
3.211752 -3.285030 0.776726 220 55 55
0.590987 3.728709 -0.231056 220 55 55
0.039976 2.829566 1.211710 220 55 55
0.703973 3.666572 -0.288535 220 55 55
6.257266 -3.866582 -0.535881 220 55 55
5.530154 -4.893468 -0.720944 220 55 55
9.897746 3.743439 -0.246633 220 55 55
0.504614 3.830751 -0.213023 220 55 55
9.566007 1.959950 -0.335311 220 55 55
4.898988 2.596077 3.008957 220 55 55
7.744425 3.353527 0.279111 220 55 55
3.689103 3.023490 3.104906 220 55 55
6.113972 -2.114149 0.197544 220 55 55
7.645915 -2.232870 0.484293 220 55 55
4.222530 2.502273 3.099600 220 55 55
5.341284 -5.288496 -0.788676 220 55 55
9.378153 1.990456 -0.271206 220 55 55
5.569073 4.228228 1.091581 220 55 55
5.241955 6.921097 -0.756672 220 55 55
2.923875 -3.184336 -0.651857 220 55 55
9.933890 3.518415 -0.431189 220 55 55
2.112626 -1.660382 -4.274575 220 55 55
6.946243 -1.436477 0.072373 220 55 55
4.709783 2.954147 3.027841 220 55 55
7.496972 3.163119 0.307861 220 55 55
3.091332 -4.190203 -0.767012 220 55 55
9.355546 1.980669 -0.228089 220 55 55
9.089063 2.640172 -0.330923 220 55 55
7.274073 5.235027 -0.417483 220 55 55
2.161940 -3.440330 1.187338 220 55 55
-0.270472 2.590228 -0.103608 220 55 55
4.470230 4.334552 3.014104 220 55 55
-0.359477 2.645730 -0.071792 220 55 55
-0.348837 2.628934 -0.069998 220 55 55
-0.341945 2.618961 -0.075293 220 55 55
-0.278365 2.549102 -0.118392 220 55 55
5.627279 5.978585 0.875068 220 55 55
5.553145 -3.650866 -0.032382 220 55 55
-0.367470 2.642253 -0.108962 220 55 55
3.814539 1.768703 3.138185 220 55 55
-0.353936 2.647341 -0.097112 220 55 55
-0.286606 2.576912 -0.142547 220 55 55
7.999924 3.391750 0.375611 220 55 55
3.701538 1.185472 4.185748 220 55 55
4.406835 2.047933 3.283644 220 55 55
5.277637 6.910831 -0.674407 220 55 55
6.346597 -3.673540 -0.543826 220 55 55
7.639956 9.080671 -0.908436 220 55 55
4.280606 -4.033854 -0.629631 220 55 55
8.038704 3.147860 0.843578 220 55 55
3.310715 -3.293851 0.746353 220 55 55
0.152988 -4.117752 -4.072258 220 55 55
5.622467 -3.541021 -0.029350 220 55 55
5.719545 -2.966142 0.627921 220 55 55
5.966548 -4.244980 -0.531932 220 55 55
4.117111 1.563545 3.187258 220 55 55
8.417405 -4.422021 -0.475834 220 55 55
4.357511 3.184501 3.026709 220 55 55
6.787751 -3.331981 0.467627 220 55 55
4.476018 3.133098 3.021425 220 55 55
4.527801 3.066764 3.020672 220 55 55
4.589625 2.950039 3.012094 220 55 55
1.830900 -2.613217 0.759010 220 55 55
4.645864 2.958181 3.020155 220 55 55
4.592855 3.004647 3.019875 220 55 55
4.306616 2.120128 3.058371 220 55 55
7.256228 3.045968 0.350795 220 55 55
7.516391 -2.816473 0.233505 220 55 55
2.731562 -2.878887 0.801557 220 55 55
5.389069 -5.159544 -0.781660 220 55 55
5.589926 4.188053 1.148802 220 55 55
2.068227 -3.302851 1.183128 220 55 55
2.357301 -0.788831 -1.119594 220 55 55
4.655862 4.382460 3.010203 220 55 55
3.160983 -3.277983 0.771614 220 55 55
0.295467 -3.610364 0.325421 220 55 55
2.811122 -2.910392 0.729298 220 55 55
3.809995 -5.411822 -0.582287 220 55 55
3.754556 1.178547 4.188868 220 55 55
7.694226 -2.281692 0.471466 220 55 55
4.257655 -4.123115 -0.669192 220 55 55
7.633829 9.220991 -0.923251 220 55 55
-1.285623 3.068389 0.321505 220 55 55
7.834174 6.479305 -0.837173 220 55 55
5.478485 4.452952 0.964287 220 55 55
3.823763 1.844899 3.159439 220 55 55
1.781511 -2.536031 0.759098 220 55 55
2.129642 -3.403800 1.119469 220 55 55
7.438009 -2.650324 1.312930 220 55 55
5.249091 -5.506664 -1.006646 220 55 55
5.449680 -3.639729 -0.060645 220 55 55
7.907338 -2.472598 0.207708 220 55 55
7.548654 -2.581871 1.287846 220 55 55
4.431313 -3.835564 -0.588567 220 55 55
4.323396 6.599033 -0.689310 220 55 55
4.333460 2.334249 3.082072 220 55 55
4.717737 -4.334220 -0.575076 220 55 55
8.054421 3.157646 0.697511 220 55 55
3.359558 -3.443373 0.744597 220 55 55
-1.300950 2.533848 0.352721 220 55 55
7.472119 -2.156417 0.432398 220 55 55
2.634389 -2.786631 0.787343 220 55 55
4.385379 -4.408014 -0.732892 220 55 55
5.488450 4.755728 0.668798 220 55 55
0.857045 3.548850 -0.197279 220 55 55
-0.519357 -2.866107 1.040038 220 55 55
3.565834 1.195361 4.119300 220 55 55
5.917030 -3.202955 -0.516612 220 55 55
7.433643 7.131176 -1.051559 220 55 55
4.443520 2.012159 3.278010 220 55 55
-0.459053 -1.565265 0.522475 220 55 55
4.169174 -3.034101 -0.509182 220 55 55
2.514319 -3.225662 0.681461 220 55 55
-1.035799 3.734960 0.330247 220 55 55
4.201367 6.681494 -0.612350 220 55 55
4.291988 -4.309972 -0.757852 220 55 55
10.633328 8.114846 -1.224276 220 55 55
7.753233 -2.611086 0.288796 220 55 55
5.541302 4.314609 1.033992 220 55 55
5.550182 -4.795832 -0.760734 220 55 55
2.787461 -3.471998 -0.095130 220 55 55
5.348732 6.832545 -0.689954 220 55 55
5.973054 -3.203421 -0.503839 220 55 55
3.877870 1.813741 3.169547 220 55 55
5.574084 -4.734846 -0.726520 220 55 55
9.574074 2.002598 -0.303265 220 55 55
4.633951 3.304218 3.051666 220 55 55
8.774826 -0.485434 0.589397 220 55 55
5.413299 -5.139806 -0.817800 220 55 55
-1.328490 2.523906 0.350299 220 55 55
4.355221 -4.252928 -0.702640 220 55 55
7.440760 5.287453 -2.206602 220 55 55
7.141604 2.945932 0.224499 220 55 55
7.957616 1.667588 4.314340 220 55 55
9.527662 3.378816 -0.399737 220 55 55
-1.446174 3.836202 2.027679 220 55 55
5.724432 -2.982238 0.657994 220 55 55
9.565628 2.020584 -0.333246 220 55 55
9.851894 3.597826 -0.437432 220 55 55
2.071452 -1.670531 -4.263305 220 55 55
4.879261 4.374686 3.003493 220 55 55
9.611198 1.999110 -0.287910 220 55 55
3.227663 -4.025053 -0.721280 220 55 55
5.759536 -2.375070 0.181095 220 55 55
0.949889 -1.733102 -0.616150 220 55 55
4.700030 1.650236 3.282808 220 55 55
4.230425 2.460424 3.091016 220 55 55
2.829058 -4.320873 0.042266 220 55 55
6.330134 4.813492 2.655563 220 55 55
4.301119 2.422303 3.104127 220 55 55
3.315613 -3.290305 0.790792 220 55 55
5.250613 6.912116 -0.703971 220 55 55
0.968044 -1.672428 -0.644093 220 55 55
6.356891 -1.877669 0.189021 220 55 55
7.954187 3.377723 0.322224 220 55 55
9.513957 2.015136 -0.293457 220 55 55
3.603952 3.024092 3.090593 220 55 55
9.416271 10.020030 -1.089354 220 55 55
4.178966 6.668104 -0.644520 220 55 55
9.895051 3.778906 -0.226281 220 55 55
9.938528 3.779068 -0.222116 220 55 55
4.158330 -3.666126 -0.584587 220 55 55
4.043279 1.686962 3.190571 220 55 55
8.004082 8.750874 -0.943888 220 55 55
9.936386 3.751312 -0.241820 220 55 55
1.797838 3.558113 -0.421385 220 55 55
2.817623 -2.918529 0.696558 220 55 55
5.667862 -3.480558 0.014427 220 55 55
7.321064 8.455085 -0.855244 220 55 55
9.971999 3.743435 -0.247063 220 55 55
4.517041 -4.072269 -0.623254 220 55 55
6.828250 -2.088443 0.550027 220 55 55
7.646887 3.274360 0.318898 220 55 55
5.492197 -3.598496 -0.040655 220 55 55
9.059605 2.695367 -0.291622 220 55 55
4.223155 1.516626 3.187701 220 55 55
6.894042 -3.173234 1.290515 220 55 55
7.767892 -2.593015 0.285503 220 55 55
1.433430 -3.125822 1.058751 220 55 55
5.503358 4.400684 0.967839 220 55 55
3.379533 -3.407834 0.791095 220 55 55
4.213639 1.559474 3.191227 220 55 55
7.407889 -2.031632 0.523962 220 55 55
5.526806 4.742704 0.656944 220 55 55
2.674417 1.120166 4.123998 220 55 55
-0.084290 2.939818 1.159796 220 55 55
4.181549 2.297675 3.048194 220 55 55
9.562005 3.396840 -0.375144 220 55 55
1.994618 -2.963897 -0.541850 220 55 55
6.155968 -2.077336 0.224747 220 55 55
4.196088 -3.430267 -0.558085 220 55 55
7.920353 3.388354 0.354125 220 55 55
5.432075 4.793542 0.734403 220 55 55
5.459192 4.445641 1.083413 220 55 55
-0.365967 -1.848048 0.708610 220 55 55
9.627687 3.427758 -0.362844 220 55 55
5.534386 4.201344 1.615074 220 55 55
9.892067 3.572523 -0.419650 220 55 55
9.637818 3.410962 -0.395780 220 55 55
9.669364 3.414554 -0.378496 220 55 55
6.365252 6.238695 -0.697002 220 55 55
2.713795 -2.785427 0.883531 220 55 55
4.111107 3.834743 3.073266 220 55 55
6.092118 -2.868020 -0.030846 220 55 55
9.686949 3.416953 -0.415964 220 55 55
9.826544 3.591555 -0.456843 220 55 55
9.856011 3.597854 -0.458009 220 55 55
1.812022 3.595831 -0.443544 220 55 55
7.016783 4.127667 2.748616 220 55 55
7.034064 -2.396611 0.498805 220 55 55
4.283388 -4.071732 -0.639772 220 55 55
7.720735 -2.307423 0.468779 220 55 55
9.627621 3.400422 -0.415716 220 55 55
5.693714 -4.558972 -0.669285 220 55 55
4.060564 3.790683 3.063471 220 55 55
9.615442 3.379479 -0.458879 220 55 55
9.648779 3.406031 -0.468625 220 55 55
9.691436 3.419687 -0.469769 220 55 55
9.786005 3.521454 -0.490949 220 55 55
7.133452 -2.948567 1.318216 220 55 55
7.047228 -1.777858 0.447876 220 55 55
9.809572 3.509069 -0.523409 220 55 55
0.111012 -4.023593 -4.171662 220 55 55
0.136857 -4.193293 -4.132966 220 55 55
9.667840 3.391871 -0.492338 220 55 55
8.081704 6.692951 -0.886289 220 55 55
4.668290 1.583922 3.290835 220 55 55
5.637036 4.078466 1.290836 220 55 55
9.652207 3.387265 -0.511786 220 55 55
2.668934 -1.865462 0.004114 220 55 55
5.186889 6.929560 -0.749769 220 55 55
5.958138 -4.241366 -0.644563 220 55 55
9.668582 3.377130 -0.516752 220 55 55
6.272906 -3.831778 -0.584256 220 55 55
5.438812 4.512587 0.981644 220 55 55
4.244166 3.276551 3.017657 220 55 55
4.006261 1.562616 3.164646 220 55 55
6.567684 -1.765619 0.124132 220 55 55
3.158551 1.097728 4.165316 220 55 55
3.879319 1.192377 4.186984 220 55 55
0.957578 -1.660763 -0.638638 220 55 55
3.035085 -2.584477 0.105388 220 55 55
5.216723 6.865588 -0.743004 220 55 55
2.890078 -2.952670 0.860141 220 55 55
5.860716 -3.446317 -0.009260 220 55 55
7.317674 5.116515 -0.515616 220 55 55
-1.215152 2.586237 0.314189 220 55 55
3.009734 4.466550 -1.695050 220 55 55
8.478868 -4.233156 -0.562667 220 55 55
0.918299 3.470836 -0.242870 220 55 55
-1.365303 2.380646 0.346998 220 55 55
6.117661 -3.964402 -0.532665 220 55 55
-0.539719 -2.843744 1.014790 220 55 55
7.358734 -2.736758 1.318054 220 55 55
9.368330 2.024908 -0.126524 220 55 55
2.506012 -2.458958 -0.582006 220 55 55
-0.510859 -2.898497 1.051112 220 55 55
8.035673 8.658574 -0.958036 220 55 55
4.304112 -3.673493 -0.542695 220 55 55
9.338513 2.007697 -0.166675 220 55 55
7.240400 3.020284 0.359964 220 55 55
9.311793 -4.386719 0.044249 220 55 55
5.638859 4.113385 1.161385 220 55 55
9.401802 2.012231 -0.175984 220 55 55
9.435620 2.033622 -0.165198 220 55 55
9.455068 1.996596 -0.166021 220 55 55
9.502973 2.008778 -0.167051 220 55 55
3.199000 -4.100590 -0.819368 220 55 55
4.462463 2.000647 3.271689 220 55 55
9.556450 2.053931 -0.191213 220 55 55
-1.250624 2.348049 0.296615 220 55 55
9.510546 2.022207 -0.187809 220 55 55
9.578374 2.065063 -0.233632 220 55 55
5.307906 -5.331439 -0.932497 220 55 55
3.174239 2.442484 3.157682 220 55 55
8.866927 -3.519458 -0.345515 220 55 55
7.198481 -3.070613 0.205180 220 55 55
2.826452 -3.265446 -0.642078 220 55 55
-1.421967 4.017466 1.813517 220 55 55
9.496947 2.016770 -0.237268 220 55 55
2.233063 -3.264581 1.168016 220 55 55
9.472887 2.024335 -0.234795 220 55 55
6.711114 2.701545 0.201125 220 55 55
1.128501 3.091497 -0.210440 220 55 55
8.086824 3.069149 0.840647 220 55 55
9.460716 2.007562 -0.277986 220 55 55
9.530305 2.030254 -0.268996 220 55 55
9.615516 2.050933 -0.268379 220 55 55
3.014206 -4.292801 -0.827732 220 55 55
2.915974 1.069320 4.114907 220 55 55
9.452915 2.031852 -0.322058 220 55 55
9.468190 2.013055 -0.346251 220 55 55
2.209785 -3.304427 1.198921 220 55 55
-0.333143 -1.848895 0.733621 220 55 55
-1.224878 2.413569 0.235046 220 55 55
4.118811 -3.470264 -0.559662 220 55 55
9.296420 -4.350420 0.045389 220 55 55
4.114152 2.468533 3.068891 220 55 55
3.109160 -3.267653 0.765594 220 55 55
9.917623 3.541487 -0.421313 220 55 55
4.339346 1.245295 3.155887 220 55 55
6.372010 -3.712522 -0.432998 220 55 55
8.841852 -3.567892 -0.353663 220 55 55
5.594923 4.189542 1.108084 220 55 55
3.569480 1.148851 4.155989 220 55 55
2.931926 -4.386712 -0.789548 220 55 55
7.170247 3.008995 0.241105 220 55 55
1.797661 3.589778 -0.456938 220 55 55
5.496820 4.380167 1.032040 220 55 55
-1.070900 2.408083 0.174370 220 55 55
2.544661 -2.695933 0.798850 220 55 55
5.492805 4.254531 1.676902 220 55 55
5.517450 4.356751 0.983528 220 55 55
3.993688 3.795238 3.053277 220 55 55
3.150760 -4.125580 -0.768603 220 55 55
5.486234 4.399113 1.087485 220 55 55
3.315310 -3.307406 0.834158 220 55 55
7.223481 3.031146 0.260551 220 55 55
2.146579 -3.451559 1.169739 220 55 55
8.741838 -0.468742 0.584964 220 55 55
8.273336 -1.057251 0.653480 220 55 55
3.092067 -4.186902 -0.825513 220 55 55
8.600052 -3.955516 -0.468553 220 55 55
6.161381 -2.110588 0.150205 220 55 55
5.206896 6.842556 -0.711131 220 55 55
3.314203 -3.246227 0.753557 220 55 55
7.900051 6.322803 -0.892246 220 55 55
6.970331 7.731716 -0.794881 220 55 55
5.415924 4.816600 0.784823 220 55 55
7.340591 8.177953 -0.817244 220 55 55
7.306238 -3.035754 0.361537 220 55 55
7.111190 4.157056 2.742592 220 55 55
0.171772 0.433694 -0.537753 220 55 55
3.844005 -5.296642 -0.405207 220 55 55
4.420928 -3.934332 -0.610503 220 55 55
7.288384 -2.991634 0.198802 220 55 55
5.481151 4.784652 0.714836 220 55 55
2.938601 -4.335978 -0.861242 220 55 55
1.171206 3.258472 -0.194338 220 55 55
2.901158 -3.201783 -0.700145 220 55 55
7.192259 -2.880483 1.316405 220 55 55
6.271427 6.937280 -0.665360 220 55 55
2.523472 -2.695599 0.775514 220 55 55
7.697850 3.279249 0.403825 220 55 55
5.674178 -4.663574 -0.611448 220 55 55
5.534713 4.385997 0.918282 220 55 55
6.933790 -3.113287 1.325530 220 55 55
7.055877 -3.001524 1.325995 220 55 55
7.096569 -2.972657 1.322979 220 55 55
7.161768 -2.927059 1.322432 220 55 55
7.469905 -2.646704 1.291112 220 55 55
7.455000 -2.676750 1.269646 220 55 55
7.940844 1.717249 2.214476 220 55 55
6.090392 -2.151549 0.142454 220 55 55
3.017814 -3.093634 -0.686587 220 55 55
7.734839 -2.643574 0.236803 220 55 55
6.930241 7.701614 -0.941336 220 55 55
4.401604 2.108843 3.039114 220 55 55
0.723323 3.635652 -0.217311 220 55 55
-1.260862 2.572561 0.320603 220 55 55
0.641017 3.689381 -0.234955 220 55 55
6.852019 -3.345485 0.303880 220 55 55
3.035809 1.083619 4.151428 220 55 55
10.640885 8.144216 -1.174875 220 55 55
7.894417 7.811362 -0.933390 220 55 55
7.145799 -1.258646 0.079431 220 55 55
3.116258 2.703574 3.203284 220 55 55
4.456023 -3.892194 -0.586016 220 55 55
9.107498 8.719025 -0.912444 220 55 55
2.029480 -1.637684 -4.246779 220 55 55
2.750143 -4.239608 0.107785 220 55 55
5.310101 6.905046 -0.652224 220 55 55
6.147425 -3.935250 -0.586566 220 55 55
5.646060 4.046474 1.224628 220 55 55
7.105115 6.666637 -0.815619 220 55 55
3.403990 -3.506102 0.830509 220 55 55
-1.386312 3.910392 1.933256 220 55 55
3.818446 -5.382537 -0.473950 220 55 55
4.071313 -3.788829 3.562587 220 55 55
6.381894 -1.883783 0.076599 220 55 55
5.855219 -2.333096 0.186751 220 55 55
5.867145 5.643446 -0.703493 220 55 55
10.640026 8.067553 -1.148150 220 55 55
5.514442 -3.726909 0.012624 220 55 55
10.656366 8.145977 -1.154258 220 55 55
3.943245 1.579721 3.137943 220 55 55
7.740259 3.347768 0.334228 220 55 55
5.820087 -2.738023 0.580689 220 55 55
9.909382 3.505022 -0.456120 220 55 55
0.944401 -1.670074 -0.616466 220 55 55
5.356590 7.047294 -0.620077 220 55 55
2.757085 -3.465827 -0.065650 220 55 55
4.540382 2.959490 3.003650 220 55 55
7.589535 3.266600 0.267233 220 55 55
4.804985 2.786810 3.011976 220 55 55
4.300014 -3.707411 -0.549171 220 55 55
5.646685 4.082483 1.202276 220 55 55
6.783775 -3.351260 0.455613 220 55 55
5.423455 -5.206371 -0.778840 220 55 55
6.137614 -2.123234 0.144989 220 55 55
5.945883 -2.837256 0.629347 220 55 55
-1.415922 4.020242 1.704498 220 55 55
6.884503 -1.493882 0.185007 220 55 55
7.020269 -1.333989 0.125065 220 55 55
7.046037 -1.314774 0.112314 220 55 55
7.084756 -1.282044 0.104176 220 55 55
7.123397 -1.269155 0.098911 220 55 55
4.352124 1.208508 3.145471 220 55 55
6.875929 -2.053621 0.458710 220 55 55
4.066530 1.442543 3.150709 220 55 55
6.973154 -1.411173 0.123664 220 55 55
3.918310 1.679110 3.153995 220 55 55
8.074225 8.651154 -0.937498 220 55 55
5.449009 -3.773817 -0.008844 220 55 55
6.393818 4.926859 2.598764 220 55 55
6.251112 -3.863559 -0.580998 220 55 55
6.911537 -1.471494 0.136984 220 55 55
7.044444 -1.349756 0.063549 220 55 55
6.534966 -1.801711 0.133540 220 55 55
-1.238296 2.355320 0.247163 220 55 55
4.187230 -3.779545 -0.631823 220 55 55
7.010315 -1.378526 0.077433 220 55 55
2.791370 1.104070 4.130781 220 55 55
7.287206 -1.957049 0.385140 220 55 55
6.831606 -1.529074 0.138545 220 55 55
6.980797 -1.417148 0.071969 220 55 55
7.889492 6.326827 -0.828661 220 55 55
7.531861 1.571738 4.278129 220 55 55
6.916150 -1.466107 0.071398 220 55 55
8.017701 3.390636 0.434309 220 55 55
6.887653 -1.489702 0.086622 220 55 55
8.034066 3.402026 0.464070 220 55 55
5.575604 4.174015 1.255395 220 55 55
7.821416 -2.375676 0.447909 220 55 55
6.513965 -1.796370 0.189508 220 55 55
10.636697 8.073121 -1.185522 220 55 55
4.760042 1.635754 3.246273 220 55 55
6.577313 -1.748192 0.169685 220 55 55
7.851227 7.834395 -0.832599 220 55 55
6.626444 -1.716839 0.135140 220 55 55
6.656144 -1.689120 0.137199 220 55 55
6.669197 -1.680526 0.131512 220 55 55
6.558366 -1.765115 0.189808 220 55 55
6.590448 -1.742963 0.129361 220 55 55
2.748048 1.092080 4.117570 220 55 55
6.458453 -1.829588 0.175743 220 55 55
6.376277 -1.884411 0.176034 220 55 55
0.822800 -1.734720 -0.704287 220 55 55
6.338508 -1.901526 0.175575 220 55 55
6.504048 -1.821041 0.161850 220 55 55
5.329171 -5.271560 -0.836336 220 55 55
6.398118 -1.868669 0.175465 220 55 55
6.454546 -1.851016 0.132094 220 55 55
6.500672 -1.824695 0.136358 220 55 55
6.606241 -1.731734 0.098288 220 55 55
6.388626 -1.886744 0.135322 220 55 55
6.279967 -1.969778 0.176055 220 55 55
6.343998 -1.916824 0.130314 220 55 55
6.156372 -2.094474 0.187963 220 55 55
6.313363 -1.966365 0.134469 220 55 55
6.445921 -1.866868 0.090932 220 55 55
6.295961 -1.981122 0.143528 220 55 55
7.410106 -2.905656 0.240087 220 55 55
6.269042 -2.021981 0.144251 220 55 55
6.089536 -2.130823 0.182193 220 55 55
6.340672 -1.925244 0.087713 220 55 55
10.484206 2.788272 -0.124254 220 55 55
6.208664 -2.076219 0.149517 220 55 55
3.018134 -3.082823 -0.545653 220 55 55
3.135468 -2.515307 0.064680 220 55 55
1.792223 -2.580603 0.830860 220 55 55
5.971960 -2.224538 0.224924 220 55 55
5.981583 -2.220399 0.202269 220 55 55
3.112060 -2.529851 0.073267 220 55 55
-0.459555 -1.548284 0.495969 220 55 55
5.978075 -2.240596 0.209660 220 55 55
2.992766 -2.620244 0.075009 220 55 55
6.006402 -2.187032 0.161816 220 55 55
-0.458872 -1.589179 0.450877 220 55 55
6.043883 -2.171525 0.148350 220 55 55
5.410798 4.831825 0.871439 220 55 55
5.875991 -2.283757 0.206349 220 55 55
7.882894 3.334762 0.371013 220 55 55
7.514000 -2.608528 1.312305 220 55 55
0.868144 -1.721138 -0.708044 220 55 55
5.892628 -2.321453 0.172596 220 55 55
5.810896 -2.351422 0.186404 220 55 55
6.399575 4.922059 2.636569 220 55 55
4.055553 3.616732 3.025607 220 55 55
5.791513 -2.373874 0.199765 220 55 55
5.853899 -2.363342 0.170338 220 55 55
5.525832 4.269364 1.181046 220 55 55
5.842197 -2.339350 0.138290 220 55 55
-1.981685 -2.089202 2.910699 220 55 55
5.864066 -2.367672 0.156257 220 55 55
3.821869 3.858444 3.061472 220 55 55
5.576590 -2.594343 0.241260 220 55 55
5.593652 -2.587781 0.232749 220 55 55
5.504091 -2.643841 0.233966 220 55 55
5.565126 -2.625478 0.214225 220 55 55
5.587921 -2.609988 0.213093 220 55 55
4.313361 -4.362514 -0.758422 220 55 55
5.316386 -5.387215 -0.945018 220 55 55
4.168007 1.416197 3.164456 220 55 55
3.393108 -3.472798 0.789565 220 55 55
5.579869 4.181856 1.247471 220 55 55
3.877344 3.797490 3.050274 220 55 55
7.319734 -3.011975 0.346593 220 55 55
3.987572 1.195536 4.191374 220 55 55
4.714578 2.990513 3.035639 220 55 55
2.130664 -3.314697 1.171839 220 55 55
8.100282 3.038232 0.818102 220 55 55
2.187184 -3.338319 1.210452 220 55 55
2.515168 -2.469674 -0.555107 220 55 55
5.297784 -5.447751 -0.951801 220 55 55
4.108732 3.328979 3.046529 220 55 55
8.020199 1.667238 4.312679 220 55 55
7.262436 8.118144 -0.837712 220 55 55
2.873392 -2.965758 0.836894 220 55 55
5.174544 -2.999111 4.215458 220 55 55
-1.303812 3.930110 1.951921 220 55 55
2.958237 -4.448276 0.880102 220 55 55
8.457596 -4.259710 -0.540030 220 55 55
5.657635 4.039929 1.279670 220 55 55
8.720116 -3.785199 -0.411256 220 55 55
8.710042 -3.803866 -0.404628 220 55 55
8.719051 -3.819327 -0.380007 220 55 55
4.396534 -4.311284 -0.687907 220 55 55
8.711730 -3.808584 -0.468133 220 55 55
8.625557 -3.910273 -0.430138 220 55 55
8.597087 -3.991709 -0.417184 220 55 55
8.698242 -3.835083 -0.512421 220 55 55
8.630520 -3.904472 -0.464350 220 55 55
6.146634 -3.952816 -0.523485 220 55 55
8.668406 -3.876484 -0.516455 220 55 55
-1.951578 -2.137434 2.955611 220 55 55
8.603482 -3.958618 -0.508172 220 55 55
8.596000 -4.095924 -0.485046 220 55 55
8.587172 -4.127167 -0.477784 220 55 55
8.563653 -4.142075 -0.482652 220 55 55
8.525325 -4.230463 -0.436145 220 55 55
8.518386 -4.257715 -0.427170 220 55 55
8.588069 -4.083662 -0.509996 220 55 55
8.557511 -4.129668 -0.525770 220 55 55
8.486208 -4.251294 -0.464905 220 55 55
8.488404 -4.280573 -0.434782 220 55 55
8.762432 -0.514813 0.577545 220 55 55
4.235790 1.396366 3.169344 220 55 55
8.442788 -4.310626 -0.467911 220 55 55
8.528034 -4.169280 -0.537172 220 55 55
8.505452 -4.197650 -0.529111 220 55 55
8.442136 -4.303937 -0.515224 220 55 55
7.295683 7.265638 1.855801 220 55 55
8.496597 -4.204950 -0.566284 220 55 55
8.422362 -4.340057 -0.517896 220 55 55
8.400122 -4.367993 -0.513250 220 55 55
0.978328 -2.886288 0.656572 220 55 55
5.705404 6.023603 0.900023 220 55 55
-1.461781 4.032448 1.702871 220 55 55
4.235908 3.364157 3.032759 220 55 55
7.467743 -2.636569 1.309182 220 55 55
6.893683 -3.133250 1.351492 220 55 55
2.784685 -3.520374 -0.097026 220 55 55
3.770845 1.799523 3.146169 220 55 55
7.280065 8.358797 -0.841675 220 55 55
3.401071 3.218684 3.101536 220 55 55
3.520168 2.055795 3.165300 220 55 55
5.573603 -3.644120 -0.012298 220 55 55
5.277734 -5.457257 -0.896692 220 55 55
6.526031 -3.472905 -0.479393 220 55 55
6.504719 -3.532401 -0.472884 220 55 55
6.486787 -3.569203 -0.469969 220 55 55
6.451531 -3.595792 -0.472373 220 55 55
6.435580 -3.639999 -0.465478 220 55 55
6.661621 2.673255 0.259094 220 55 55
6.503665 -3.531288 -0.525693 220 55 55
6.414689 -3.650305 -0.479804 220 55 55
6.392308 -3.677333 -0.435602 220 55 55
6.492045 -3.559874 -0.542707 220 55 55
6.675491 2.676680 0.233720 220 55 55
2.932205 -4.469705 0.949758 220 55 55
4.352061 1.328118 3.187997 220 55 55
6.495698 -3.544670 -0.565044 220 55 55
6.398385 -3.648313 -0.526025 220 55 55
6.320673 -3.758688 -0.471571 220 55 55
6.338976 -3.714707 -0.535454 220 55 55
6.318974 -3.760044 -0.526332 220 55 55
5.973840 -3.121994 -0.488291 220 55 55
5.978120 -3.166715 -0.481517 220 55 55
6.008675 -3.200799 -0.478923 220 55 55
6.277612 -3.823119 -0.536343 220 55 55
6.323277 -3.712821 -0.560356 220 55 55
5.958920 -3.167673 -0.504449 220 55 55
5.914270 -3.164556 -0.525617 220 55 55
4.190618 6.737889 -0.609512 220 55 55
6.208591 -3.902860 -0.538504 220 55 55
6.190238 -3.930993 -0.522464 220 55 55
8.084140 6.735529 -0.896420 220 55 55
5.916416 -3.119406 -0.560698 220 55 55
6.176954 -3.910473 -0.572019 220 55 55
6.108742 -3.983513 -0.533962 220 55 55
9.463118 9.937784 -1.082648 220 55 55
6.112694 -3.966855 -0.576318 220 55 55
4.229169 1.280654 3.131169 220 55 55
6.877440 -2.086203 0.495578 220 55 55
5.991313 -4.207501 -0.537091 220 55 55
5.946011 -4.290929 -0.516365 220 55 55
5.925203 -4.301260 -0.542190 220 55 55
5.982904 -4.198798 -0.636836 220 55 55
9.040582 2.612259 -0.316323 220 55 55
5.918265 -4.295291 -0.583865 220 55 55
2.201356 -3.289668 1.171355 220 55 55
2.179096 -3.402771 1.205014 220 55 55
2.152605 -3.396516 1.188119 220 55 55
3.807824 3.804610 3.060309 220 55 55
4.358272 -4.187203 -0.671169 220 55 55
2.168348 -3.454165 1.184662 220 55 55
2.137183 -3.406204 1.148708 220 55 55
5.542469 -3.705197 0.004612 220 55 55
7.295394 -1.979874 0.496628 220 55 55
2.091000 -3.342737 1.137690 220 55 55
9.250488 -4.241288 -0.035912 220 55 55
2.076839 -3.303502 1.137881 220 55 55
3.098157 -4.169599 -0.676684 220 55 55
5.680957 -4.610524 -0.661553 220 55 55
5.661292 -4.604720 -0.687970 220 55 55
7.598886 3.231245 0.351330 220 55 55
5.627560 -4.682634 -0.664407 220 55 55
5.605755 -4.734756 -0.656723 220 55 55
6.738885 -3.296550 0.524224 220 55 55
4.097288 1.668433 3.190256 220 55 55
5.624939 -4.622831 -0.710439 220 55 55
5.611004 -4.672775 -0.707213 220 55 55
9.448975 9.977100 -1.079373 220 55 55
2.676496 -2.816161 0.802522 220 55 55
4.927757 2.586564 2.988623 220 55 55
5.600069 -4.681866 -0.746131 220 55 55
5.532743 -4.843946 -0.755720 220 55 55
5.484744 -4.908288 -0.767096 220 55 55
0.638066 3.731113 -0.177883 220 55 55
7.349770 3.086612 0.306152 220 55 55
5.437656 -5.027014 -0.764319 220 55 55
2.962211 -3.155406 -0.590199 220 55 55
3.079236 -3.136336 0.820367 220 55 55
4.418906 -3.887325 -0.600170 220 55 55
7.845254 6.426430 -0.874731 220 55 55
7.858854 7.996720 -0.847526 220 55 55
5.356484 -5.260366 -0.767371 220 55 55
4.718579 -4.366761 -0.553152 220 55 55
5.375460 -5.220574 -0.786244 220 55 55
-0.456246 -1.571901 0.452499 220 55 55
5.363280 -5.220426 -0.835877 220 55 55
5.355810 -5.313051 -0.783655 220 55 55
7.252716 8.360881 -0.879057 220 55 55
1.851178 3.569632 -0.304076 220 55 55
3.691930 1.193441 4.136568 220 55 55
3.842453 -5.279033 -0.277116 220 55 55
5.351297 -5.253137 -0.815013 220 55 55
5.350698 -5.209580 -0.883361 220 55 55
5.341431 -5.227528 -0.891354 220 55 55
5.316336 -5.265609 -0.887199 220 55 55
7.346948 -2.782229 1.255679 220 55 55
4.542178 -4.179865 -0.602229 220 55 55
5.347452 -5.241532 -0.892811 220 55 55
5.294709 -5.379070 -0.842479 220 55 55
6.804062 -1.916723 0.529392 220 55 55
5.302831 -5.330828 -0.888792 220 55 55
1.819371 3.569173 -0.392648 220 55 55
5.319469 -5.269333 -0.925221 220 55 55
5.292920 -5.432365 -0.888087 220 55 55
7.920509 -2.492206 0.420824 220 55 55
4.161710 -3.434314 -0.570587 220 55 55
4.515728 -4.281906 -0.634747 220 55 55
4.123632 -3.474802 -0.569679 220 55 55
8.877117 -3.485337 -0.354032 220 55 55
4.103927 -3.517018 -0.566566 220 55 55
4.101744 -3.545015 -0.556389 220 55 55
4.115184 -3.566840 -0.556395 220 55 55
5.275667 -5.468922 -0.949201 220 55 55
5.274573 -5.488972 -0.918799 220 55 55
5.299010 -5.455577 -1.007774 220 55 55
1.788054 3.560086 -0.462429 220 55 55
5.249460 -5.507888 -0.962625 220 55 55
5.282626 -5.470189 -1.003257 220 55 55
7.243067 -1.950974 0.492003 220 55 55
3.159673 -4.114692 -0.712889 220 55 55
4.543731 3.357265 3.039383 220 55 55
3.849993 -5.260789 -0.256732 220 55 55
3.845527 -5.233071 -0.281309 220 55 55
3.851510 -5.274227 -0.349266 220 55 55
6.023492 -2.910823 0.642434 220 55 55
3.852559 -5.283297 -0.389403 220 55 55
3.834344 -5.326340 -0.419070 220 55 55
3.835040 -5.334061 -0.468177 220 55 55
5.436948 4.754767 0.665440 220 55 55
3.840628 -5.348859 -0.522242 220 55 55
0.623001 3.708914 -0.221563 220 55 55
0.153173 3.018212 0.007312 220 55 55
6.957244 -3.075676 1.338225 220 55 55
3.106674 -4.141902 -0.671131 220 55 55
2.962515 -4.369684 -0.786571 220 55 55
1.899673 -2.781743 0.804194 220 55 55
3.565842 3.113859 3.108059 220 55 55
5.208636 -3.419112 0.715055 220 55 55
7.275841 8.427676 -0.870734 220 55 55
3.253950 -4.000268 -0.717219 220 55 55
4.037111 1.497599 3.157159 220 55 55
3.200392 -4.061953 -0.704149 220 55 55
3.251581 -3.994821 -0.753759 220 55 55
3.222303 -4.023122 -0.766437 220 55 55
3.199135 -4.057484 -0.765044 220 55 55
7.364212 3.117200 0.244865 220 55 55
3.115699 -4.147429 -0.708926 220 55 55
6.383931 6.206119 -0.713778 220 55 55
3.090367 -4.188370 -0.711918 220 55 55
3.114864 -3.290464 0.750374 220 55 55
3.196980 -4.069392 -0.809996 220 55 55
7.304813 5.113318 -0.482713 220 55 55
3.116284 -4.147805 -0.823035 220 55 55
6.977210 -2.223052 0.475125 220 55 55
3.073533 -4.223379 -0.760420 220 55 55
3.047228 -4.255676 -0.782922 220 55 55
3.067857 -4.226211 -0.820955 220 55 55
3.019737 -4.303589 -0.765923 220 55 55
3.044098 -4.259880 -0.829129 220 55 55
2.991975 -4.325946 -0.779671 220 55 55
5.855956 6.392724 -0.693152 220 55 55
7.900141 6.434423 -0.785604 220 55 55
2.407196 -0.854281 -1.082648 220 55 55
2.843658 -4.307444 -0.022559 220 55 55
2.927782 -4.404575 -0.787833 220 55 55
2.372918 -0.825791 -1.122060 220 55 55
3.009140 -4.282960 -0.870425 220 55 55
2.999140 -4.299881 -0.869880 220 55 55
2.921168 -4.372536 -0.839693 220 55 55
5.069553 -3.252682 -0.696169 220 55 55
4.175215 1.457630 3.176917 220 55 55
2.363133 -0.865227 -1.115912 220 55 55
8.068782 8.638275 -0.899836 220 55 55
2.912418 -4.363817 -0.874797 220 55 55
5.541086 -3.829259 0.022505 220 55 55
4.284999 2.403455 3.085714 220 55 55
6.887881 -2.197770 0.541625 220 55 55
7.655267 3.309815 0.250410 220 55 55
6.935617 7.690303 -0.896181 220 55 55
7.324426 8.481935 -0.859451 220 55 55
4.342787 3.299039 3.029124 220 55 55
4.818986 -6.412687 -2.163628 220 55 55
4.815076 -6.449464 -2.169804 220 55 55
4.825522 -6.452613 -2.257113 220 55 55
7.439565 -2.887145 0.209904 220 55 55
4.587579 3.357925 3.058223 220 55 55
-0.216042 2.860450 1.245659 220 55 55
7.321416 5.350934 -0.458498 220 55 55
-0.365046 -1.788508 0.716847 220 55 55
-0.519036 -2.867506 1.083089 220 55 55
-0.372753 -1.795870 0.689639 220 55 55
0.317379 -3.593597 0.354448 220 55 55
0.293735 -3.611929 0.361912 220 55 55
0.283744 -3.623535 0.375818 220 55 55
5.535321 4.272974 1.143371 220 55 55
0.322144 -3.588649 0.326776 220 55 55
0.278366 -3.625329 0.403540 220 55 55
5.652383 4.065078 1.323301 220 55 55
-0.453197 -1.593887 0.475096 220 55 55
-0.488692 -1.499023 0.483056 220 55 55
5.184477 -2.985643 4.263269 220 55 55
6.196588 6.931710 -0.673265 220 55 55
5.324756 6.866729 -0.668095 220 55 55
6.372245 6.160788 -0.674419 220 55 55
5.260041 6.854334 -0.698719 220 55 55
4.283963 3.405807 3.040709 220 55 55
5.193737 6.918967 -0.708745 220 55 55
3.217633 -3.341273 0.770003 220 55 55
5.945241 5.567961 -0.760728 220 55 55
4.421425 1.987587 3.288463 220 55 55
4.457993 1.944271 3.285397 220 55 55
4.418703 2.092620 3.267527 220 55 55
4.470526 2.053943 3.254962 220 55 55
4.458885 2.093084 3.251524 220 55 55
4.236307 6.672034 -0.549338 220 55 55
4.594057 1.685007 3.290988 220 55 55
4.642784 1.632463 3.287460 220 55 55
4.635699 1.688602 3.282619 220 55 55
7.177599 -3.099850 0.243496 220 55 55
4.702624 1.580943 3.281742 220 55 55
4.689587 1.675274 3.282407 220 55 55
4.712648 1.695281 3.262696 220 55 55
6.353007 4.860363 2.646005 220 55 55
4.765867 1.596987 3.250125 220 55 55
6.956393 -2.244530 0.519751 220 55 55
3.151932 2.486277 3.170550 220 55 55
3.508776 1.191261 4.117732 220 55 55
2.296832 -3.114765 -2.341798 220 55 55
7.227002 7.267583 1.817755 220 55 55
-1.454462 3.994969 1.810319 220 55 55
5.492229 -3.706589 -0.054201 220 55 55
4.526987 3.376650 3.060794 220 55 55
0.251709 2.736819 -0.362716 220 55 55
1.739806 -1.932325 4.221714 220 55 55
3.094640 2.651589 3.205553 220 55 55
1.453124 -3.175592 1.047303 220 55 55
2.292314 -3.203950 -2.283185 220 55 55
-1.213106 2.252387 0.142968 220 55 55
1.712173 -1.950523 4.156482 220 55 55
6.893222 -2.139505 0.507890 220 55 55
2.301741 -3.183369 -2.284916 220 55 55
-1.129671 2.448493 0.198547 220 55 55
7.459525 -2.103678 0.505624 220 55 55
1.219922 3.296183 -0.206135 220 55 55
1.232998 3.193528 -0.205492 220 55 55
1.174009 3.193148 -0.215043 220 55 55
6.848354 -3.360317 0.272750 220 55 55
-1.462397 4.030432 1.749888 220 55 55
4.243752 -3.824973 -0.600447 220 55 55
2.953920 4.573336 -1.713850 220 55 55
8.061048 3.425968 0.437095 220 55 55
7.572021 -2.554061 1.291452 220 55 55
7.476889 7.142798 -0.907953 220 55 55
7.261773 -2.841294 1.223388 220 55 55
0.092105 2.780989 1.203243 220 55 55
4.474793 1.155524 3.180134 220 55 55
5.875906 -2.789271 0.584571 220 55 55
7.604216 3.291267 0.238598 220 55 55
3.638860 3.010518 3.088429 220 55 55
3.592431 1.186406 4.133757 220 55 55
6.777014 -1.979078 0.573344 220 55 55
4.265247 3.412100 3.038628 220 55 55
4.415869 3.192116 3.025327 220 55 55
3.454317 3.204168 3.109925 220 55 55
-0.094887 2.950843 1.184806 220 55 55
7.245332 3.062679 0.241283 220 55 55
1.758842 -1.921053 4.336976 220 55 55
7.122731 4.200012 2.723226 220 55 55
7.472738 1.564905 4.276123 220 55 55
3.202116 -3.224563 0.820026 220 55 55
6.055808 -3.034569 -0.052720 220 55 55
1.760119 -1.935969 4.238609 220 55 55
7.346649 5.387269 -0.455555 220 55 55
-1.222377 2.450221 0.313779 220 55 55
7.996513 1.875636 2.203319 220 55 55
4.224745 2.302087 3.047038 220 55 55
7.567204 3.154170 0.384268 220 55 55
5.373327 4.812524 0.788109 220 55 55
4.188809 6.630385 -0.650716 220 55 55
7.960333 3.378342 0.423806 220 55 55
3.355581 -2.926265 0.056820 220 55 55
5.506115 4.221398 1.684724 220 55 55
5.501503 4.264457 1.636338 220 55 55
-1.287520 2.361208 0.295825 220 55 55
1.267965 3.199975 -0.204598 220 55 55
1.610875 3.750924 -0.304394 220 55 55
-1.112750 2.399444 0.137265 220 55 55
3.758715 1.873358 3.164413 220 55 55
5.524627 4.196761 1.584724 220 55 55
7.345117 7.374114 1.869070 220 55 55
7.297563 7.212234 1.866756 220 55 55
4.302724 1.341168 3.174055 220 55 55
7.307795 7.322211 1.852512 220 55 55
7.941257 1.760094 2.207123 220 55 55
7.241904 7.215705 1.810090 220 55 55
7.252533 7.192454 1.841929 220 55 55
7.895156 1.740307 2.204143 220 55 55
0.889974 3.493626 -0.194263 220 55 55
7.197741 7.234979 1.791458 220 55 55
7.973787 8.770445 -0.922839 220 55 55
2.966965 4.559658 -1.686575 220 55 55
7.871955 3.335484 0.314602 220 55 55
-1.102880 2.369628 0.088866 220 55 55
8.106745 3.051890 0.789182 220 55 55
7.599613 9.186077 -0.932142 220 55 55
-1.253581 3.968255 1.933511 220 55 55
5.656648 4.031480 1.335179 220 55 55
5.640504 4.055698 1.319617 220 55 55
5.559441 5.768079 1.092984 220 55 55
0.610219 3.703197 -0.261341 220 55 55
6.289525 4.698203 2.689062 220 55 55
4.347312 -3.826526 -0.575615 220 55 55
5.597665 4.139426 1.263874 220 55 55
2.780293 -3.489190 -0.068133 220 55 55
5.566304 5.736462 1.079105 220 55 55
5.575987 5.806103 1.073135 220 55 55
6.963579 -1.390978 0.171907 220 55 55
8.085010 6.742457 -0.849631 220 55 55
5.580116 4.166032 1.231624 220 55 55
5.565581 4.206637 1.206769 220 55 55
5.589377 5.758549 1.067471 220 55 55
5.590175 4.163205 1.202211 220 55 55
5.522518 4.293275 1.157994 220 55 55
5.474655 4.390999 1.131226 220 55 55
5.591630 5.733183 1.037223 220 55 55
5.588662 5.778409 1.031062 220 55 55
5.559296 4.227237 1.157453 220 55 55
5.510404 4.335238 1.141634 220 55 55
5.603556 4.160504 1.149491 220 55 55
5.515424 4.337321 1.090792 220 55 55
3.517616 -3.175553 0.000317 220 55 55
5.543565 4.278722 1.091235 220 55 55
5.471387 4.435427 1.070749 220 55 55
5.593594 5.990048 0.949141 220 55 55
5.455267 4.463058 1.028812 220 55 55
5.619628 6.006530 0.913946 220 55 55
5.433049 4.504912 1.005877 220 55 55
5.621489 4.150866 1.111939 220 55 55
5.690941 6.050962 0.925002 220 55 55
9.284940 -4.367917 0.000459 220 55 55
5.657293 4.104800 1.110816 220 55 55
5.556601 4.270882 1.033030 220 55 55
5.577214 4.226101 1.052406 220 55 55
5.513311 4.356594 1.007590 220 55 55
5.545130 4.328570 0.961114 220 55 55
5.497203 4.444268 0.930920 220 55 55
3.335758 -3.338034 0.837860 220 55 55
3.293682 -3.266591 0.827923 220 55 55
5.552953 4.347363 0.931397 220 55 55
3.265556 -3.297631 0.783866 220 55 55
4.351362 -4.377393 -0.672653 220 55 55
2.694410 -2.860007 0.776397 220 55 55
5.890191 3.788012 1.131664 220 55 55
3.345056 -3.346514 0.793936 220 55 55
3.307653 -3.232644 0.769493 220 55 55
5.852830 3.818595 1.078057 220 55 55
3.302723 -3.289138 0.743415 220 55 55
5.819721 3.857423 1.041560 220 55 55
5.828573 3.886738 1.041759 220 55 55
8.026779 3.392014 0.462867 220 55 55
7.559393 -2.244465 0.411041 220 55 55
-1.207946 2.366034 0.199874 220 55 55
8.047259 3.176054 0.709930 220 55 55
0.904525 3.469207 -0.271539 220 55 55
7.143217 -1.879965 0.485131 220 55 55
3.818915 1.188230 4.190582 220 55 55
2.570206 -3.223015 0.631804 220 55 55
3.016002 -3.099038 -0.647175 220 55 55
7.668529 3.239867 0.409232 220 55 55
5.868944 5.559194 -0.596144 220 55 55
7.908964 7.623539 -0.936489 220 55 55
7.035656 7.821135 -0.806175 220 55 55
6.993232 7.805347 -0.820912 220 55 55
6.974225 7.760827 -0.821987 220 55 55
6.939535 7.684863 -0.793040 220 55 55
6.919459 7.659455 -0.814607 220 55 55
6.980548 7.805064 -0.890150 220 55 55
6.973604 7.770709 -0.882739 220 55 55
4.516624 3.278704 3.038454 220 55 55
6.978758 7.807929 -0.925854 220 55 55
6.940660 7.759013 -0.945089 220 55 55
7.296444 3.084348 0.203192 220 55 55
5.857073 6.431048 -0.606128 220 55 55
7.402795 3.136856 0.259483 220 55 55
5.843445 6.476960 -0.640162 220 55 55
5.843347 6.430737 -0.644165 220 55 55
5.814900 6.451858 -0.664995 220 55 55
5.857558 6.389790 -0.659195 220 55 55
5.841084 6.434127 -0.708820 220 55 55
1.237211 3.226875 -0.200839 220 55 55
5.301501 6.971484 -0.643818 220 55 55
5.253593 6.967903 -0.662209 220 55 55
5.157971 6.924589 -0.726575 220 55 55
6.730516 2.730728 0.170723 220 55 55
6.039392 5.497612 -0.721358 220 55 55
6.056426 -2.919878 -0.043532 220 55 55
7.252741 -3.009346 0.205096 220 55 55
7.662346 3.255251 0.374716 220 55 55
4.478978 2.114664 3.080531 220 55 55
7.616010 3.188950 0.401691 220 55 55
-1.112661 2.427153 0.187150 220 55 55
7.757825 -2.617787 0.241811 220 55 55
7.288614 3.080024 0.311397 220 55 55
0.936008 3.455187 -0.231150 220 55 55
0.598596 3.735894 -0.187262 220 55 55
1.105615 3.291850 -0.192225 220 55 55
7.777970 -2.574208 0.247042 220 55 55
5.710229 -2.902995 0.653920 220 55 55
5.715406 -2.927792 0.614752 220 55 55
5.705983 -2.896545 0.611298 220 55 55
5.692319 -2.886256 0.593884 220 55 55
6.095480 -2.992112 -0.005840 220 55 55
2.079370 -1.608739 -4.297321 220 55 55
6.011407 -2.891723 0.632657 220 55 55
2.578399 -3.195708 0.704389 220 55 55
-1.117875 2.374844 0.112359 220 55 55
2.542379 -3.214996 0.700547 220 55 55
6.691346 2.670720 0.203698 220 55 55
4.477319 3.079953 3.019863 220 55 55
6.732719 2.763290 0.182243 220 55 55
7.395008 -2.736357 1.264291 220 55 55
3.413472 -3.511664 0.782257 220 55 55
7.216862 -2.852733 1.308456 220 55 55
7.240045 -2.819754 1.315164 220 55 55
7.483146 3.174015 0.254256 220 55 55
7.228613 -2.851428 1.281234 220 55 55
2.915382 -4.481918 0.908233 220 55 55
7.286028 -2.791128 1.308143 220 55 55
7.253746 -2.826494 1.282708 220 55 55
7.312738 -2.768117 1.311686 220 55 55
7.228962 3.026532 0.310361 220 55 55
8.056561 3.118098 0.840183 220 55 55
7.382970 -2.709893 1.323286 220 55 55
6.372101 6.198665 -0.678478 220 55 55
7.358222 -2.753734 1.280491 220 55 55
7.092075 2.981393 0.208049 220 55 55
8.058234 3.130210 0.789843 220 55 55
7.132498 2.986408 0.225980 220 55 55
7.366306 3.094840 0.355779 220 55 55
7.373617 3.103742 0.357250 220 55 55
7.384110 -2.713022 1.294958 220 55 55
7.415930 -2.692668 1.283049 220 55 55
7.285363 -2.820820 1.233987 220 55 55
7.189058 3.009692 0.205123 220 55 55
7.292244 3.079512 0.247588 220 55 55
7.381212 3.104636 0.318200 220 55 55
8.032340 3.193696 0.733338 220 55 55
8.061096 3.137752 0.734215 220 55 55
7.213987 3.036763 0.201864 220 55 55
7.524129 3.144309 0.356265 220 55 55
7.546937 3.169749 0.352914 220 55 55
4.171605 6.732539 -0.650156 220 55 55
7.530299 3.190498 0.308701 220 55 55
7.465221 3.146874 0.262433 220 55 55
7.505655 3.159007 0.298166 220 55 55
7.552695 3.233009 0.295895 220 55 55
7.515345 3.204147 0.259885 220 55 55
7.716568 3.306173 0.368142 220 55 55
7.540878 3.231586 0.267883 220 55 55
7.671889 3.284807 0.340190 220 55 55
7.750333 3.337131 0.382640 220 55 55
6.767346 -1.986014 0.587635 220 55 55
6.786431 -2.023823 0.585849 220 55 55
10.437682 2.820111 -0.115953 220 55 55
7.881300 3.324153 0.419475 220 55 55
6.812667 -2.025602 0.549610 220 55 55
7.767564 3.348382 0.320064 220 55 55
7.701742 3.330144 0.264056 220 55 55
6.800603 -1.871677 0.522373 220 55 55
7.706845 3.350435 0.247071 220 55 55
6.809997 -1.870153 0.514398 220 55 55
7.646191 3.322663 0.214254 220 55 55
6.826442 -1.970948 0.498182 220 55 55
7.949146 3.388066 0.368337 220 55 55
8.033121 3.409232 0.422208 220 55 55
6.870481 -2.149092 0.539062 220 55 55
6.836004 -2.013106 0.503505 220 55 55
6.850965 -2.094808 0.529627 220 55 55
7.896992 3.353168 0.306118 220 55 55
6.858316 -2.036971 0.486742 220 55 55
4.408717 -4.188263 -0.653312 220 55 55
8.017333 3.412338 0.365584 220 55 55
6.940794 -2.202877 0.496532 220 55 55
4.465534 -4.245534 -0.651384 220 55 55
5.470217 -3.739282 -0.097868 220 55 55
6.911590 -2.108154 0.472433 220 55 55
7.045731 4.146271 2.745822 220 55 55
6.892542 -2.087537 0.455279 220 55 55
6.993756 -2.264233 0.494610 220 55 55
3.933162 3.794993 3.048457 220 55 55
6.758651 -3.288973 0.493735 220 55 55
6.775111 -3.332702 0.492161 220 55 55
7.012806 -2.318248 0.508485 220 55 55
7.014374 -2.377198 0.511933 220 55 55
6.767077 -3.251846 0.445489 220 55 55
6.791925 -3.287373 0.466555 220 55 55
7.017309 -2.248603 0.457704 220 55 55
5.799416 -3.400668 -0.041356 220 55 55
2.976041 4.507496 -1.712161 220 55 55
6.798703 -3.337390 0.457313 220 55 55
7.902659 7.571991 -0.911878 220 55 55
0.137760 -4.067521 -4.069808 220 55 55
3.636053 3.072279 3.107092 220 55 55
5.746200 -3.409684 -0.044635 220 55 55
2.027851 -1.600688 -4.210996 220 55 55
2.029485 -1.658277 -4.255897 220 55 55
2.061936 -1.567562 -4.254314 220 55 55
3.378806 -2.932375 0.014836 220 55 55
2.062293 -1.608274 -4.267668 220 55 55
3.808938 1.179581 4.179290 220 55 55
6.186798 6.880378 -0.702413 220 55 55
-1.239604 3.077252 0.314824 220 55 55
5.861777 -2.763803 0.607742 220 55 55
1.789706 -2.561721 0.749949 220 55 55
3.280793 2.565860 3.181704 220 55 55
-1.037724 3.734127 0.367307 220 55 55
7.928421 -2.452009 0.280481 220 55 55
4.470752 -4.186167 -0.634069 220 55 55
7.456826 5.303984 -2.198660 220 55 55
6.143715 -2.819217 -0.009378 220 55 55
2.953115 4.612714 -1.687927 220 55 55
3.015252 4.501035 -1.674667 220 55 55
2.910765 4.677054 -1.722094 220 55 55
2.990996 4.472507 -1.708262 220 55 55
5.555118 -3.593205 -0.033728 220 55 55
5.490784 -3.771784 0.016978 220 55 55
5.491780 -3.652881 -0.038913 220 55 55
5.429925 -3.606979 -0.097639 220 55 55
5.456786 -3.700026 -0.093331 220 55 55
5.445054 -3.866644 -0.013293 220 55 55
5.478270 -3.721480 -0.108527 220 55 55
-1.409820 2.456179 0.411203 220 55 55
-1.446968 2.454352 0.389643 220 55 55
-1.270927 2.566878 0.353464 220 55 55
-1.181028 2.595280 0.344743 220 55 55
-1.162584 2.603025 0.303079 220 55 55
-1.170158 2.624758 0.323873 220 55 55
-1.126050 2.633425 0.304905 220 55 55
-1.384255 2.413718 0.360729 220 55 55
-1.125694 2.600632 0.301349 220 55 55
-1.296479 2.485291 0.344995 220 55 55
-1.269079 2.525895 0.315497 220 55 55
-1.234534 2.537699 0.312214 220 55 55
-1.316493 2.445319 0.339847 220 55 55
-1.293367 2.470047 0.330870 220 55 55
-1.285153 2.395342 0.324972 220 55 55
-1.236649 2.419216 0.310076 220 55 55
-1.113413 2.602496 0.256401 220 55 55
2.802186 -4.297371 0.062586 220 55 55
-1.187914 2.455435 0.295772 220 55 55
-1.215695 2.459108 0.260056 220 55 55
-1.337341 2.346454 0.266708 220 55 55
-1.268630 2.333354 0.255270 220 55 55
-1.167580 2.417559 0.230701 220 55 55
-1.328099 2.311956 0.239287 220 55 55
-1.198342 2.394852 0.219220 220 55 55
-1.182494 2.364361 0.185585 220 55 55
-1.053544 2.402637 0.156463 220 55 55
-1.171804 2.292655 0.140285 220 55 55
3.569740 1.152996 4.183246 220 55 55
10.509428 2.804426 -0.102897 220 55 55
9.906175 3.529471 -0.441982 220 55 55
9.895462 3.509843 -0.469019 220 55 55
10.474376 2.791626 -0.155566 220 55 55
3.931678 4.197610 2.541694 220 55 55
3.904108 4.216500 2.544843 220 55 55
2.784861 -3.506959 -0.070087 220 55 55
3.018764 1.061755 4.132053 220 55 55
1.781811 -2.625712 0.834969 220 55 55
8.218912 -0.995906 0.593148 220 55 55
-1.278632 3.954548 1.937245 220 55 55
5.314054 6.850143 -0.694851 220 55 55
3.579314 2.008109 3.164338 220 55 55
2.955111 -3.013222 0.847408 220 55 55
7.625710 9.048691 -0.924414 220 55 55
4.292674 2.105222 3.031325 220 55 55
6.295568 -1.929440 0.179557 220 55 55
5.780981 -2.358537 0.138513 220 55 55
9.268090 -4.419660 -0.032212 220 55 55
4.234001 3.312378 3.024214 220 55 55
1.757293 -3.979129 0.282633 220 55 55
1.722558 -3.990632 0.243848 220 55 55
1.729233 -4.007854 0.208279 220 55 55
4.117441 -2.956608 -0.505185 220 55 55
8.977170 -3.396835 -0.392610 220 55 55
4.928026 2.551893 2.994794 220 55 55
4.703013 1.995676 3.122094 220 55 55
2.275913 -3.202733 -2.261922 220 55 55
2.280521 -3.100496 -2.315879 220 55 55
7.950633 1.654622 4.308416 220 55 55
10.637709 8.109468 -1.187066 220 55 55
10.607183 8.134791 -1.188694 220 55 55
10.617310 8.044161 -1.190826 220 55 55
-1.349870 3.806244 2.067636 220 55 55
2.272931 -3.159764 -2.303268 220 55 55
1.870409 -2.651493 0.771073 220 55 55
-1.399786 3.838800 2.035013 220 55 55
-1.347684 3.847802 2.034050 220 55 55
-1.303052 3.863447 2.037124 220 55 55
-1.296531 3.878063 2.016560 220 55 55
-1.284358 3.914094 1.986876 220 55 55
2.307994 -3.166391 -2.329061 220 55 55
-1.398519 3.858244 1.988206 220 55 55
-1.341747 3.888949 1.974568 220 55 55
3.932247 1.215797 4.143283 220 55 55
-1.255199 3.948283 1.983057 220 55 55
3.929771 3.605944 3.029491 220 55 55
-1.345084 3.925012 1.934106 220 55 55
7.894122 6.368594 -0.825430 220 55 55
7.843649 6.432183 -0.836449 220 55 55
7.893509 6.371198 -0.884445 220 55 55
7.885170 6.411727 -0.898197 220 55 55
-1.442009 4.007334 1.819848 220 55 55
7.602178 9.035763 -0.939656 220 55 55
4.350327 2.109764 3.026615 220 55 55
4.224862 1.448750 3.180722 220 55 55
2.797642 -3.289194 -0.642231 220 55 55
-0.807018 3.559202 0.298360 220 55 55
-0.855918 3.571777 0.258194 220 55 55
-0.805099 3.560766 0.264956 220 55 55
2.111173 -1.621984 -4.290982 220 55 55
-1.329196 3.069991 0.320300 220 55 55
-1.274410 3.031984 0.311478 220 55 55
-1.312416 2.378724 0.345576 220 55 55
-1.387916 2.377026 0.329816 220 55 55
4.111954 3.319470 3.019020 220 55 55
2.612225 -3.192237 0.711286 220 55 55
7.802017 -2.535592 0.256795 220 55 55
7.832031 -2.521967 0.253052 220 55 55
-0.074851 2.556783 -0.179543 220 55 55
-0.043713 2.568614 -0.172361 220 55 55
-0.078276 2.521689 -0.210420 220 55 55
-0.041692 2.519303 -0.213651 220 55 55
3.763420 1.176344 4.177664 220 55 55
2.728169 -2.813857 0.843485 220 55 55
6.054245 -3.043936 -0.006327 220 55 55
6.054734 -2.985400 -0.066302 220 55 55
4.171302 2.548180 3.102456 220 55 55
3.836968 3.194248 3.087633 220 55 55
6.322531 4.751319 2.691724 220 55 55
4.593308 4.451222 3.026193 220 55 55
2.994226 -3.119971 -0.592938 220 55 55
7.818415 -2.543209 0.238086 220 55 55
7.650584 1.635830 4.304530 220 55 55
2.644425 -3.210622 0.652120 220 55 55
7.317746 5.289324 -0.409372 220 55 55
-0.233508 2.754663 1.177158 220 55 55
1.771150 -3.975511 0.266620 220 55 55
7.794234 -1.990348 0.812568 220 55 55
7.126881 -1.836190 0.539629 220 55 55
6.322932 6.160234 -0.777104 220 55 55
6.336337 6.194506 -0.712646 220 55 55
6.346782 6.148436 -0.710541 220 55 55
6.302325 6.200204 -0.725819 220 55 55
6.325025 6.191663 -0.773227 220 55 55
6.474559 -3.601096 -0.439635 220 55 55
5.842894 -3.284637 -0.504147 220 55 55
5.940226 -4.266681 -0.630236 220 55 55
5.517424 -4.859162 -0.779963 220 55 55
5.476536 -4.968900 -0.725924 220 55 55
5.469202 -4.946208 -0.746694 220 55 55
4.520416 -4.189269 -0.628227 220 55 55
4.472776 -4.290373 -0.664744 220 55 55
4.372046 -4.425883 -0.710294 220 55 55
4.355809 -4.360799 -0.708993 220 55 55
4.392008 -4.397336 -0.734488 220 55 55
4.308545 -4.298968 -0.724524 220 55 55
4.349663 -4.309332 -0.699464 220 55 55
4.389226 -4.408627 -0.749036 220 55 55
4.342113 -4.377796 -0.744135 220 55 55
4.254273 -4.254096 -0.726889 220 55 55
4.294929 -4.259138 -0.713014 220 55 55
7.762310 -2.662532 0.235685 220 55 55
-0.355217 -1.874593 0.699636 220 55 55
-1.949414 -2.132575 2.989618 220 55 55
-1.966820 -2.106193 2.974162 220 55 55
-1.993098 -2.098769 2.946474 220 55 55
-1.958188 -2.129139 2.907946 220 55 55
-1.884724 -2.555085 2.928865 220 55 55
-1.896965 -2.506901 2.930881 220 55 55
-1.893570 -2.467635 2.940660 220 55 55
4.298221 2.355577 3.072984 220 55 55
5.229943 7.056634 -0.689091 220 55 55
7.768150 -2.617110 0.210016 220 55 55
7.786535 -2.581044 0.204400 220 55 55
7.469864 -2.098279 0.524322 220 55 55
7.408304 -2.092866 0.431191 220 55 55
7.123602 4.150970 2.725896 220 55 55
7.280812 8.515944 -0.883026 220 55 55
7.436567 7.108614 -1.045816 220 55 55
7.989790 1.906067 2.188985 220 55 55
9.233577 -4.245485 -0.065297 220 55 55
7.467156 -2.857411 0.292840 220 55 55
5.717154 7.497026 -0.695774 220 55 55
5.939526 5.561467 -0.719503 220 55 55
5.874924 5.597585 -0.703712 220 55 55
7.829451 -2.554336 0.204408 220 55 55
7.913683 -2.465984 0.244981 220 55 55
7.833270 6.466046 -0.880140 220 55 55
7.803472 6.467003 -0.878459 220 55 55
7.896997 6.368615 -0.953065 220 55 55
7.890238 6.328297 -0.933455 220 55 55
7.901021 6.433214 -1.000161 220 55 55
7.881086 6.386364 -0.990095 220 55 55
7.449966 7.117035 -0.947899 220 55 55
5.594228 -3.584299 -0.027665 220 55 55
5.875172 5.588994 -0.650810 220 55 55
5.924956 5.566816 -0.672397 220 55 55
5.977041 5.554133 -0.711937 220 55 55
8.237570 -1.027050 0.607410 220 55 55
5.915952 5.574629 -0.719336 220 55 55
6.026880 5.520858 -0.748331 220 55 55
5.916539 5.578221 -0.760144 220 55 55
5.713866 -3.448375 -0.039860 220 55 55
7.887346 -2.496299 0.223082 220 55 55
7.892027 -2.502047 0.201579 220 55 55
3.392496 -3.465175 0.837638 220 55 55
3.368313 -3.377486 0.793120 220 55 55
3.338479 -3.400259 0.747690 220 55 55
3.384908 -3.414036 0.740115 220 55 55
3.416734 -3.501554 0.746926 220 55 55
3.076934 0.693322 3.216405 220 55 55
3.093853 -3.227303 0.779346 220 55 55
7.932536 -2.455205 0.211766 220 55 55
7.954913 1.881099 2.190911 220 55 55
3.810312 1.917035 3.172847 220 55 55
3.996860 3.737834 3.044804 220 55 55
4.539183 3.318583 3.053421 220 55 55
4.589697 3.269388 3.048463 220 55 55
4.512014 3.206368 3.035256 220 55 55
4.053285 2.358764 3.058254 220 55 55
4.581356 3.052997 3.020831 220 55 55
4.400484 2.136511 3.050994 220 55 55
0.898320 3.456092 -0.168493 220 55 55
4.117924 3.607197 3.030040 220 55 55
3.374346 -2.975425 0.051212 220 55 55
0.095840 -4.006524 -4.128795 220 55 55
2.372626 -3.893260 0.201696 220 55 55
3.067491 -3.135568 0.817527 220 55 55
4.541962 4.386519 3.018219 220 55 55
7.080291 2.987207 0.219256 220 55 55
7.330517 -2.990894 0.324998 220 55 55
3.859761 3.724518 3.049132 220 55 55
5.698686 -2.917668 0.657420 220 55 55
5.718413 -2.934107 0.578141 220 55 55
6.883334 -3.160144 1.329944 220 55 55
6.918634 -3.145440 1.313904 220 55 55
7.028437 -3.020079 1.329481 220 55 55
6.967483 -3.114170 1.292912 220 55 55
7.075764 -3.003163 1.288721 220 55 55
7.099630 -2.991179 1.282546 220 55 55
0.120963 -4.061364 -4.011073 220 55 55
0.104416 -4.002765 -4.027993 220 55 55
0.075400 -3.959490 -4.073665 220 55 55
0.146389 -4.085270 -4.017790 220 55 55
0.159585 -4.123297 -4.033574 220 55 55
0.119220 -4.051902 -4.082207 220 55 55
0.148450 -4.180871 -4.079516 220 55 55
0.132098 -4.073808 -4.126380 220 55 55
0.122527 -4.054890 -4.122594 220 55 55
0.141460 -4.128400 -4.130198 220 55 55
0.115123 -4.060623 -4.181041 220 55 55
0.124264 -4.081773 -4.164232 220 55 55
7.024529 -2.267419 0.460972 220 55 55
9.096387 2.540100 -0.366284 220 55 55
7.794598 -1.974859 0.837118 220 55 55
7.461670 -2.144290 0.393035 220 55 55
7.835389 -1.928313 0.839218 220 55 55
7.780537 -2.004904 0.822464 220 55 55
7.839972 -1.955637 0.826548 220 55 55
7.852081 -1.924043 0.810978 220 55 55
7.826388 -1.962965 0.788941 220 55 55
7.871481 -1.904620 0.811175 220 55 55
-1.004872 3.738144 0.363838 220 55 55
-1.008402 3.745467 0.326172 220 55 55
-0.839093 3.574517 0.287382 220 55 55
-0.926413 3.600237 0.256213 220 55 55
2.381676 1.133370 4.130332 220 55 55
-0.911582 3.575914 0.241074 220 55 55
2.420615 1.139004 4.136915 220 55 55
2.561496 1.144552 4.134503 220 55 55
2.611574 1.146439 4.136457 220 55 55
2.975201 1.074929 4.142449 220 55 55
7.774292 -2.368272 0.443925 220 55 55
7.966393 -2.544954 0.433527 220 55 55
5.907784 -2.803799 0.615995 220 55 55
5.971953 -2.851848 0.643638 220 55 55
5.973393 -2.872228 0.617394 220 55 55
3.033895 -3.127582 0.806434 220 55 55
3.088519 -3.167629 0.800874 220 55 55
3.040911 -3.162957 0.783439 220 55 55
3.135643 -3.192306 0.807094 220 55 55
3.154823 -3.233961 0.795940 220 55 55
3.201902 -3.234754 0.798565 220 55 55
3.049672 -3.224819 0.771573 220 55 55
2.670846 -3.119228 0.681738 220 55 55
2.728470 -3.168339 0.672484 220 55 55
7.411740 1.626605 4.295107 220 55 55
3.835844 3.752233 3.060759 220 55 55
7.594627 9.090060 -0.918853 220 55 55
2.633124 -3.169493 0.673347 220 55 55
3.758986 3.184297 3.114364 220 55 55
3.108789 2.531514 3.183450 220 55 55
3.148380 2.528010 3.184574 220 55 55
4.043030 3.563163 3.022511 220 55 55
-0.112175 2.923023 1.304397 220 55 55
7.328338 5.253100 -0.439840 220 55 55
3.334723 2.538753 3.174064 220 55 55
2.848422 -2.931189 0.857390 220 55 55
4.375120 3.322664 3.040089 220 55 55
3.104674 2.580722 3.197815 220 55 55
7.131254 4.869177 -1.188628 220 55 55
4.411849 3.148699 3.021762 220 55 55
4.051352 2.587934 3.092383 220 55 55
4.067982 2.626479 3.093325 220 55 55
4.111511 2.577478 3.095947 220 55 55
3.988096 2.521381 3.075669 220 55 55
4.802696 2.922196 3.041477 220 55 55
4.776055 2.885923 3.028016 220 55 55
3.522733 1.938505 3.146002 220 55 55
4.174083 2.412420 3.064587 220 55 55
4.605644 2.896561 3.008804 220 55 55
4.665290 2.831456 3.011082 220 55 55
4.238167 2.353588 3.058966 220 55 55
4.179679 2.354879 3.052101 220 55 55
3.992543 1.624639 3.173008 220 55 55
4.660382 1.994458 3.121216 220 55 55
4.403622 1.267583 3.189724 220 55 55
4.185940 1.345488 3.142646 220 55 55
4.349815 1.282442 3.178887 220 55 55
4.412711 1.208075 3.179985 220 55 55
4.463143 1.206482 3.194520 220 55 55
4.279202 1.334840 3.153084 220 55 55
4.291045 1.273006 3.141001 220 55 55
4.368910 1.233330 3.169009 220 55 55
4.506971 1.195433 3.202628 220 55 55
4.428061 1.168869 3.173504 220 55 55
4.416593 1.159814 3.157467 220 55 55
5.406882 4.832123 0.886623 220 55 55
9.082271 8.941827 -0.904683 220 55 55
7.280681 5.177462 -0.463461 220 55 55
9.081237 2.656187 -0.295868 220 55 55
9.048377 2.642313 -0.299165 220 55 55
7.854254 6.447147 -0.790196 220 55 55
9.040838 2.583982 -0.386130 220 55 55
9.117013 2.521284 -0.394126 220 55 55
7.089879 -3.151778 0.292783 220 55 55
7.447928 7.061223 -0.874017 220 55 55
9.556001 1.956984 -0.316820 220 55 55
4.245409 -3.889190 -0.590123 220 55 55
7.585932 9.131217 -0.935490 220 55 55
2.673993 -3.186546 0.629675 220 55 55
3.415748 3.228669 3.116376 220 55 55
2.620386 -2.729094 0.837548 220 55 55
5.249380 7.026698 -0.650357 220 55 55
3.772977 3.781167 3.068585 220 55 55
4.117556 3.793976 3.069823 220 55 55
3.816055 3.840490 3.032189 220 55 55
3.865662 3.675019 3.045612 220 55 55
4.118896 3.738069 3.059751 220 55 55
3.887747 3.621890 3.032335 220 55 55
3.883659 3.657616 3.033504 220 55 55
3.926787 3.674069 3.032967 220 55 55
4.000826 3.673020 3.030511 220 55 55
6.347469 4.788435 2.690768 220 55 55
3.998461 3.563705 3.024641 220 55 55
6.314405 4.753014 2.657754 220 55 55
3.929299 3.244220 3.072738 220 55 55
4.108601 3.450755 3.042320 220 55 55
4.114330 3.494946 3.027760 220 55 55
6.385374 4.882850 2.652845 220 55 55
4.121930 3.360950 3.045577 220 55 55
4.162577 3.391624 3.042712 220 55 55
4.171228 3.437980 3.028529 220 55 55
4.179246 3.485969 3.031352 220 55 55
4.167319 3.281526 3.048621 220 55 55
4.213825 3.358473 3.041427 220 55 55
4.225695 3.422695 3.033791 220 55 55
4.255900 3.257280 3.046784 220 55 55
4.255903 3.282965 3.044296 220 55 55
4.298115 3.309120 3.032038 220 55 55
4.288030 3.353703 3.035305 220 55 55
6.298961 4.699803 2.661705 220 55 55
6.315703 4.701091 2.656315 220 55 55
4.302383 3.234628 3.041556 220 55 55
4.302683 3.253197 3.025525 220 55 55
4.433174 3.343259 3.038695 220 55 55
4.349035 3.166580 3.040412 220 55 55
4.358735 3.249540 3.028969 220 55 55
4.477056 3.276047 3.038075 220 55 55
2.827059 -3.272762 -0.533119 220 55 55
6.433437 4.958124 2.628976 220 55 55
6.314481 4.841256 2.614337 220 55 55
6.343857 4.882710 2.605399 220 55 55
3.075222 -3.045014 -0.613582 220 55 55
6.436317 4.958442 2.613985 220 55 55
4.056758 2.410954 3.060634 220 55 55
4.128413 2.345085 3.057765 220 55 55
4.711130 2.833008 3.011265 220 55 55
4.709319 2.784458 3.016472 220 55 55
4.305941 2.173502 3.053876 220 55 55
4.357406 2.164005 3.059162 220 55 55
4.351984 2.226813 3.060689 220 55 55
4.699600 2.890821 2.978439 220 55 55
4.281926 2.070321 3.034295 220 55 55
4.729265 2.857773 2.973853 220 55 55
-0.326331 2.876096 1.249697 220 55 55
4.856914 2.610759 3.019753 220 55 55
4.859343 2.652055 3.013139 220 55 55
4.899142 2.550976 3.012164 220 55 55
8.300357 -1.079970 0.660008 220 55 55
2.929830 -3.181543 -0.582406 220 55 55
3.811141 3.191845 3.106147 220 55 55
9.237709 -4.386640 -0.098016 220 55 55
9.285905 -4.313776 0.008616 220 55 55
5.322858 4.825777 0.808498 220 55 55
2.713335 -3.127837 0.692656 220 55 55
4.045235 1.732744 3.192790 220 55 55
8.123547 1.641042 4.298177 220 55 55
4.595338 4.400271 3.014567 220 55 55
7.111572 4.118480 2.723101 220 55 55
7.049485 -1.738207 0.558544 220 55 55
7.822792 -1.391648 0.498301 220 55 55
2.753049 -2.913309 0.782239 220 55 55
6.948984 -1.685747 0.487098 220 55 55
2.693518 -3.119489 0.706842 220 55 55
2.632811 -3.118866 0.679443 220 55 55
4.244319 -4.034368 -0.629873 220 55 55
7.216198 -1.926100 0.502791 220 55 55
7.298077 -1.953647 0.530303 220 55 55
2.753777 -3.470958 -0.098580 220 55 55
7.173663 -1.907297 0.449969 220 55 55
2.766802 -3.161144 0.695933 220 55 55
2.558259 -3.216154 0.672067 220 55 55
7.355788 -2.024478 0.489710 220 55 55
1.792200 -2.666408 0.830021 220 55 55
1.791205 -2.573491 0.790735 220 55 55
1.798023 -2.614542 0.811233 220 55 55
3.160522 2.567846 3.194040 220 55 55
1.798780 -2.662848 0.814309 220 55 55
3.208106 2.480089 3.169416 220 55 55
1.818614 -2.629028 0.793656 220 55 55
1.841097 -2.673958 0.781586 220 55 55
1.816205 -2.595983 0.761550 220 55 55
1.873993 -2.689660 0.792586 220 55 55
1.853888 -2.673558 0.747252 220 55 55
6.965255 -1.693725 0.527821 220 55 55
3.146751 -3.298337 0.752513 220 55 55
2.674210 1.145303 4.139670 220 55 55
2.733323 1.139978 4.145633 220 55 55
3.089690 1.092239 4.156778 220 55 55
3.274851 1.090586 4.171255 220 55 55
3.304692 1.078024 4.180075 220 55 55
3.400078 1.133464 4.160726 220 55 55
3.517759 1.151975 4.180897 220 55 55
3.621917 1.153363 4.185777 220 55 55
3.757881 1.184739 4.188321 220 55 55
3.934965 1.193639 4.190161 220 55 55
7.366880 1.620572 4.293743 220 55 55
7.471955 1.628024 4.297837 220 55 55
7.568434 1.606210 4.305418 220 55 55
7.689583 1.625874 4.308137 220 55 55
7.890554 1.668584 4.311488 220 55 55
8.071718 1.684104 4.308119 220 55 55
8.092450 1.725501 4.313967 220 55 55
8.128342 1.650602 4.312688 220 55 55
2.868524 1.089191 4.135261 220 55 55
3.334372 1.116623 4.152793 220 55 55
3.317478 1.122013 4.164558 220 55 55
3.513110 1.154690 4.146876 220 55 55
3.633158 1.159562 4.161003 220 55 55
3.694777 1.168894 4.167646 220 55 55
3.828413 1.196433 4.159357 220 55 55
3.869756 1.203274 4.154852 220 55 55
7.912208 1.645489 4.305699 220 55 55
8.007461 1.652559 4.303548 220 55 55
5.130101 -3.277563 -0.727185 220 55 55
2.580301 1.100266 4.121360 220 55 55
2.607587 1.113495 4.121973 220 55 55
2.741654 1.114163 4.127653 220 55 55
4.604121 1.954021 3.112946 220 55 55
3.092846 1.053634 4.139333 220 55 55
3.150923 1.056334 4.151346 220 55 55
3.189048 1.051380 4.153681 220 55 55
3.406456 1.102884 4.156547 220 55 55
3.456995 1.100145 4.157058 220 55 55
3.508857 1.098575 4.158019 220 55 55
3.559828 1.105294 4.160724 220 55 55
7.372284 1.570860 4.277033 220 55 55
7.407367 1.570185 4.276271 220 55 55
7.674467 1.617178 4.289079 220 55 55
3.517065 -3.216732 0.012454 220 55 55
7.694029 1.615924 4.290200 220 55 55
7.916032 1.642896 4.294158 220 55 55
7.954735 1.651188 4.296014 220 55 55
2.628226 1.097658 4.112139 220 55 55
8.019011 1.646628 4.292345 220 55 55
8.074360 1.656569 4.293842 220 55 55
2.872712 1.074107 4.112605 220 55 55
3.641858 1.199631 4.125788 220 55 55
3.753285 1.206728 4.137426 220 55 55
3.460851 1.178292 4.117519 220 55 55
3.606061 1.203504 4.119845 220 55 55
7.060941 4.141690 2.723877 220 55 55
7.160547 4.213348 2.707691 220 55 55
7.004023 4.091770 2.723031 220 55 55
7.351204 -2.026734 0.393453 220 55 55
3.167846 -3.323524 0.754271 220 55 55
3.251043 -3.332000 0.767958 220 55 55
3.218616 -3.341307 0.754516 220 55 55
7.419888 -2.097483 0.391551 220 55 55
7.480366 -2.143218 0.487820 220 55 55
7.498020 -2.184051 0.420137 220 55 55
5.869306 -2.749397 0.641084 220 55 55
5.816664 -2.741925 0.570451 220 55 55
5.911436 -2.786960 0.645593 220 55 55
7.524945 -2.209607 0.391763 220 55 55
5.894003 -2.818655 0.576135 220 55 55
5.928395 -2.857399 0.573794 220 55 55
1.241627 3.183901 -0.191857 220 55 55
6.012849 -2.913290 0.631025 220 55 55
7.657988 -2.310492 0.383125 220 55 55
7.757199 -2.344757 0.444926 220 55 55
5.206855 6.808741 -0.720866 220 55 55
4.073665 -3.839873 3.588562 220 55 55
4.076226 -3.817213 3.575770 220 55 55
5.352691 4.831538 0.885705 220 55 55
5.377164 4.759665 0.733979 220 55 55
5.382233 4.760171 0.686316 220 55 55
5.477349 4.776988 0.703247 220 55 55
2.616280 -3.208907 0.671495 220 55 55
2.681862 -2.791916 0.834011 220 55 55
7.706195 -2.328159 0.383765 220 55 55
5.205647 -3.462250 0.724064 220 55 55
5.216835 -3.432871 0.691049 220 55 55
5.227759 -3.451418 0.679316 220 55 55
1.771747 -1.914442 4.385559 220 55 55
1.741184 -1.919149 4.319602 220 55 55
1.617855 -2.063010 3.673428 220 55 55
1.731571 -1.925916 4.272940 220 55 55
1.752953 -1.920945 4.273662 220 55 55
1.730688 -1.944316 4.263136 220 55 55
1.728552 -1.943428 4.209423 220 55 55
1.759827 -1.941647 4.223469 220 55 55
4.535313 4.442383 3.030269 220 55 55
4.646429 4.443248 3.018636 220 55 55
4.649149 4.491339 3.024581 220 55 55
1.917438 -2.791376 0.842062 220 55 55
1.902572 -2.743609 0.796576 220 55 55
4.497894 4.379509 3.023684 220 55 55
4.515606 4.336998 3.015273 220 55 55
4.473850 4.300479 3.004914 220 55 55
4.897969 4.353537 3.001898 220 55 55
3.778183 3.859355 3.067698 220 55 55
3.946801 3.822816 3.052856 220 55 55
4.160455 3.778662 3.068226 220 55 55
3.043685 -3.111085 0.822494 220 55 55
1.731169 -1.934835 4.152086 220 55 55
4.051955 3.729791 3.051805 220 55 55
4.157933 3.726985 3.063001 220 55 55
4.070941 3.696455 3.049313 220 55 55
4.107640 3.673562 3.048237 220 55 55
4.164497 3.666594 3.053198 220 55 55
3.054170 2.711119 3.215869 220 55 55
4.133889 3.631597 3.042406 220 55 55
4.155150 3.618198 3.046071 220 55 55
3.061551 2.672426 3.208344 220 55 55
3.156843 2.723748 3.201246 220 55 55
3.421383 3.206934 3.099458 220 55 55
3.500687 3.177581 3.108580 220 55 55
3.856596 3.232054 3.104943 220 55 55
3.890406 3.246592 3.092219 220 55 55
3.699636 3.078888 3.111003 220 55 55
3.870323 3.208463 3.083142 220 55 55
4.215744 3.477173 3.039337 220 55 55
7.425843 5.283601 -2.148085 220 55 55
7.403203 5.248457 -2.153218 220 55 55
7.478678 5.337561 -2.184942 220 55 55
7.456092 5.333849 -2.240437 220 55 55
1.737936 -1.935513 4.113183 220 55 55
4.421124 3.399288 3.041816 220 55 55
4.445175 3.406168 3.041245 220 55 55
3.274144 2.522576 3.178210 220 55 55
9.020193 -3.338842 -0.365638 220 55 55
8.979814 -3.369054 -0.364327 220 55 55
8.980554 -3.389401 -0.362529 220 55 55
8.916543 -3.420083 -0.345373 220 55 55
8.907782 -3.423617 -0.313389 220 55 55
4.126352 3.411778 3.016796 220 55 55
4.171148 3.368897 3.019095 220 55 55
8.876618 -3.455433 -0.316058 220 55 55
8.901971 -3.449500 -0.364910 220 55 55
4.326078 3.343732 3.039152 220 55 55
4.404905 3.337025 3.040192 220 55 55
4.486966 3.349885 3.039679 220 55 55
8.881039 -3.482414 -0.394169 220 55 55
8.872382 -3.533967 -0.403456 220 55 55
8.854996 -3.574904 -0.400662 220 55 55
3.109897 2.474152 3.168996 220 55 55
3.377841 2.578390 3.167137 220 55 55
3.668002 2.981050 3.086267 220 55 55
4.129960 3.349031 3.013865 220 55 55
4.192643 3.317722 3.016625 220 55 55
3.272412 2.463230 3.172403 220 55 55
3.306964 2.459622 3.174536 220 55 55
3.386859 2.532753 3.161730 220 55 55
4.141307 3.279024 3.013276 220 55 55
4.168138 3.274891 3.014503 220 55 55
3.131699 2.420994 3.160682 220 55 55
3.189714 2.445367 3.157636 220 55 55
3.226931 2.433610 3.161629 220 55 55
3.268244 2.418691 3.166350 220 55 55
4.307792 3.185224 3.019875 220 55 55
4.517073 3.142084 3.031345 220 55 55
8.398758 -4.405398 -0.517002 220 55 55
3.254924 2.382777 3.158340 220 55 55
3.861465 2.719101 3.093062 220 55 55
4.176221 6.794800 -0.644811 220 55 55
4.651770 3.018342 3.034824 220 55 55
3.829089 2.695692 3.082769 220 55 55
3.873654 2.662503 3.085134 220 55 55
3.938774 2.653047 3.087438 220 55 55
3.994196 2.652057 3.097566 220 55 55
1.704457 -1.972953 4.032585 220 55 55
3.930712 2.586791 3.082261 220 55 55
3.992885 2.592233 3.085013 220 55 55
4.498151 3.002657 3.008067 220 55 55
4.766417 2.940145 3.033384 220 55 55
4.817202 2.891134 3.036714 220 55 55
3.452418 2.117319 3.164789 220 55 55
3.488027 2.104745 3.166565 220 55 55
4.055114 2.527983 3.080945 220 55 55
4.115949 2.520598 3.082270 220 55 55
4.180983 2.472525 3.084822 220 55 55
4.244265 2.493867 3.101815 220 55 55
4.270203 2.478782 3.106753 220 55 55
4.719324 2.895953 3.022352 220 55 55
4.774755 2.828470 3.015766 220 55 55
5.047850 -3.087580 -0.488829 220 55 55
5.052801 -3.064336 -0.514209 220 55 55
5.030894 -3.118392 -0.488052 220 55 55
5.021974 -3.110183 -0.508322 220 55 55
3.559161 2.056721 3.167866 220 55 55
3.605457 2.051519 3.171020 220 55 55
4.336743 2.409881 3.105050 220 55 55
3.473971 2.042262 3.157694 220 55 55
3.488655 2.045682 3.157515 220 55 55
3.634019 1.996743 3.166873 220 55 55
3.994817 2.468502 3.068835 220 55 55
4.232510 2.414595 3.076212 220 55 55
4.358541 2.362044 3.101771 220 55 55
4.110452 -2.983197 -0.522299 220 55 55
2.875312 -4.532822 0.922300 220 55 55
4.105088 -3.035393 -0.533003 220 55 55
3.575811 1.977651 3.158496 220 55 55
3.613972 1.974131 3.159473 220 55 55
9.135201 8.707258 -0.906616 220 55 55
4.082983 -3.010027 -0.534879 220 55 55
3.763317 1.929466 3.171347 220 55 55
4.079597 -3.040012 -0.540441 220 55 55
4.109742 2.415589 3.059842 220 55 55
4.354803 2.288596 3.077928 220 55 55
4.390183 2.281157 3.094488 220 55 55
4.405636 2.292799 3.099974 220 55 55
4.314214 -3.752771 -0.550341 220 55 55
4.345338 -3.777890 -0.555533 220 55 55
4.462721 -3.946998 -0.601297 220 55 55
4.522117 -4.013159 -0.612709 220 55 55
3.481709 1.961870 3.146101 220 55 55
4.284519 -3.716493 -0.565677 220 55 55
4.336508 -3.788392 -0.571992 220 55 55
4.492984 -4.001158 -0.610673 220 55 55
3.809193 1.874850 3.167407 220 55 55
3.867081 1.857032 3.173097 220 55 55
4.291803 -3.770009 -0.581935 220 55 55
5.407637 -5.241762 -0.784764 220 55 55
4.234655 -3.711498 -0.589499 220 55 55
4.289496 -3.825276 -0.585645 220 55 55
4.470105 -4.062198 -0.615661 220 55 55
4.446825 2.230039 3.099794 220 55 55
4.465965 2.209810 3.105037 220 55 55
4.230040 -3.765221 -0.597049 220 55 55
4.514974 -4.155773 -0.612391 220 55 55
4.293188 -3.880640 -0.594732 220 55 55
4.454668 -4.064421 -0.622673 220 55 55
4.491091 -4.121975 -0.615708 220 55 55
4.435765 -4.066154 -0.638338 220 55 55
4.476471 -4.130115 -0.634341 220 55 55
4.418906 -4.131946 -0.641474 220 55 55
4.202215 -3.773891 -0.615573 220 55 55
4.210953 -3.781240 -0.646020 220 55 55
4.248811 -3.876750 -0.622098 220 55 55
4.412817 -4.243066 -0.666275 220 55 55
3.750929 1.850846 3.159761 220 55 55
3.921204 1.786292 3.177428 220 55 55
3.930052 1.743232 3.173887 220 55 55
4.254590 -4.066704 -0.647889 220 55 55
4.296688 -4.134852 -0.656731 220 55 55
4.442305 -4.269477 -0.685663 220 55 55
4.297500 2.289788 3.055710 220 55 55
4.463262 2.169298 3.093394 220 55 55
4.588156 2.059691 3.125179 220 55 55
4.648119 2.057590 3.126492 220 55 55
4.360825 -4.224987 -0.672646 220 55 55
4.309481 -4.161746 -0.669981 220 55 55
1.467273 -3.170719 1.071468 220 55 55
4.309509 -4.192902 -0.689726 220 55 55
1.425103 -3.111254 1.069810 220 55 55
1.440765 -3.154017 1.073644 220 55 55
4.360693 -4.330086 -0.677393 220 55 55
1.483281 -3.206259 1.049790 220 55 55
3.856978 1.801183 3.158572 220 55 55
3.887117 1.771607 3.164946 220 55 55
4.106642 2.317347 3.047152 220 55 55
4.138548 2.319027 3.039370 220 55 55
4.325741 -4.333276 -0.741185 220 55 55
4.547796 2.042524 3.106874 220 55 55
4.599325 2.012930 3.121404 220 55 55
3.104019 -3.011432 -0.654871 220 55 55
3.081023 -3.033240 -0.645173 220 55 55
3.041032 -3.063089 -0.552730 220 55 55
3.022040 -3.085517 -0.588635 220 55 55
7.318459 -2.003498 0.474616 220 55 55
3.046687 -3.064128 -0.652703 220 55 55
2.961000 -3.158708 -0.531967 220 55 55
2.935071 -3.193057 -0.499078 220 55 55
2.744339 -4.236493 0.076174 220 55 55
3.040975 -3.065128 -0.691783 220 55 55
2.715634 -4.205589 0.080971 220 55 55
2.839870 -4.317508 0.007390 220 55 55
2.991862 -3.125410 -0.652513 220 55 55
2.906749 -3.219281 -0.539533 220 55 55
2.375839 -3.892866 0.224673 220 55 55
2.423862 -3.946706 0.203452 220 55 55
2.784696 -4.262703 0.022112 220 55 55
2.375076 -3.921949 0.214138 220 55 55
2.514770 -2.508226 -0.549553 220 55 55
2.526976 -2.521107 -0.535714 220 55 55
2.808046 -3.286379 -0.489333 220 55 55
2.500748 -2.494724 -0.569371 220 55 55
2.955206 -3.154333 -0.693834 220 55 55
2.800851 -3.291420 -0.531580 220 55 55
2.898589 -3.210006 -0.647592 220 55 55
2.921060 -3.178763 -0.695983 220 55 55
2.764958 -3.323641 -0.508669 220 55 55
3.812464 -5.419919 -0.494445 220 55 55
2.789614 -3.297883 -0.591902 220 55 55
2.752989 -3.331492 -0.534313 220 55 55
2.855210 -3.234658 -0.690354 220 55 55
1.037503 -2.993005 0.653876 220 55 55
0.985939 -2.918239 0.656066 220 55 55
1.019250 -2.960424 0.647811 220 55 55
0.953622 -2.917688 0.653573 220 55 55
1.941809 -2.982582 -0.568680 220 55 55
1.912691 -3.011682 -0.538912 220 55 55
1.884684 -3.043706 -0.563187 220 55 55
3.934353 1.697322 3.167890 220 55 55
4.119337 1.619366 3.188183 220 55 55
4.156983 1.614490 3.190492 220 55 55
4.192509 2.280121 3.036216 220 55 55
4.291371 2.230821 3.049042 220 55 55
4.289284 2.272813 3.039185 220 55 55
4.631683 1.957986 3.119322 220 55 55
4.692258 1.958535 3.117970 220 55 55
2.695575 -2.772727 0.888074 220 55 55
8.461338 -4.300324 -0.427710 220 55 55
3.948883 1.646303 3.162048 220 55 55
4.179031 1.554632 3.190947 220 55 55
5.555243 -4.741333 -0.757473 220 55 55
3.757720 1.746544 3.121558 220 55 55
3.935497 1.626880 3.148038 220 55 55
4.172632 1.512543 3.186013 220 55 55
2.411216 -3.925270 0.224438 220 55 55
3.974294 1.562415 3.149598 220 55 55
4.021814 1.533079 3.162706 220 55 55
4.268464 1.447422 3.187273 220 55 55
8.209490 -0.999650 0.565173 220 55 55
4.002220 1.518957 3.151165 220 55 55
4.078534 1.478476 3.163951 220 55 55
4.325189 1.376785 3.191590 220 55 55
4.094612 1.440613 3.157569 220 55 55
2.757978 -3.517748 -0.063920 220 55 55
8.233435 -1.013573 0.566695 220 55 55
8.264107 -1.053365 0.599818 220 55 55
4.170843 1.379785 3.154119 220 55 55
4.210553 1.373139 3.154943 220 55 55
8.309683 -1.069908 0.609211 220 55 55
3.540463 -3.214846 -0.035986 220 55 55
8.666420 -0.349153 0.592130 220 55 55
8.626711 -0.333493 0.572781 220 55 55
8.270525 -1.064994 0.572367 220 55 55
8.650457 -0.365444 0.571533 220 55 55
8.715118 -0.406298 0.604128 220 55 55
8.677998 -0.392384 0.583919 220 55 55
3.055045 0.729612 3.220743 220 55 55
7.885656 1.764873 2.197017 220 55 55
8.725066 -0.463506 0.574133 220 55 55
8.784599 -0.511528 0.583457 220 55 55
8.761375 -0.518633 0.580547 220 55 55
8.777224 -0.528804 0.572219 220 55 55
5.418843 4.780255 0.707605 220 55 55
7.172780 -1.852502 0.551142 220 55 55
7.155192 4.907406 -1.195010 220 55 55
2.505981 -2.538687 -0.550680 220 55 55
8.122581 -0.472616 3.891882 220 55 55
8.182402 -0.474343 3.893702 220 55 55
8.139788 -0.472389 3.869427 220 55 55
8.197467 -0.461502 3.865745 220 55 55
9.429389 10.023233 -1.066657 220 55 55
1.619688 -2.054439 3.708675 220 55 55
1.634176 -2.056672 3.715247 220 55 55
7.804188 -1.380611 0.490568 220 55 55
1.626443 -2.050775 3.681626 220 55 55
1.622388 -2.053035 3.675317 220 55 55
-0.132657 2.934752 1.283138 220 55 55
8.307764 -1.100294 0.689018 220 55 55
-0.202198 2.880655 1.259705 220 55 55
0.050872 2.847636 1.244761 220 55 55
7.784498 -1.391123 0.451210 220 55 55
0.072027 2.806295 1.228247 220 55 55
-0.147146 2.900772 1.218836 220 55 55
-0.267643 2.864001 1.264450 220 55 55
0.015513 2.867314 1.198142 220 55 55
-0.263556 2.847362 1.253847 220 55 55
0.051860 2.796807 1.192530 220 55 55
-0.309168 2.845456 1.258364 220 55 55
-0.228908 2.831758 1.229161 220 55 55
-0.133570 2.937182 1.187204 220 55 55
-0.139076 2.948239 1.147346 220 55 55
-0.043815 2.918351 1.160538 220 55 55
0.026352 2.829281 1.167822 220 55 55
-0.259841 2.813571 1.224605 220 55 55
0.041247 2.800626 1.170123 220 55 55
-0.299274 2.801223 1.241533 220 55 55
-0.286074 2.798269 1.240731 220 55 55
-0.311756 2.785450 1.196892 220 55 55
-0.257827 2.772680 1.171843 220 55 55
-0.238054 2.741600 1.167483 220 55 55
7.789649 -1.399226 0.434542 220 55 55
7.018204 -1.704995 0.582533 220 55 55
7.003638 -1.721911 0.540744 220 55 55
6.955256 -1.687545 0.526425 220 55 55
1.612245 -2.063798 3.606197 220 55 55
6.967741 -1.697815 0.516229 220 55 55
7.354059 -2.037152 0.433665 220 55 55
5.843773 -3.296953 0.008368 220 55 55
5.717026 -3.447491 -0.015034 220 55 55
5.623192 -3.532139 0.056983 220 55 55
5.178452 -3.284988 -0.730171 220 55 55
5.035007 -3.245637 -0.692638 220 55 55
5.088373 -3.264971 -0.717258 220 55 55
5.181280 -3.298380 -0.756038 220 55 55
5.135551 -3.294303 -0.749700 220 55 55
7.065042 -1.771682 0.538779 220 55 55
2.593908 -2.710925 0.831124 220 55 55
-0.051106 2.922969 1.174476 220 55 55
-0.056858 2.919263 1.146293 220 55 55
3.271731 -3.361332 0.749883 220 55 55
0.685620 3.725055 -0.168659 220 55 55
8.247811 -1.020594 0.663046 220 55 55
7.030102 -1.758046 0.515738 220 55 55
2.565219 -2.730594 0.788099 220 55 55
6.989748 4.091599 2.749344 220 55 55
7.167979 4.196001 2.740798 220 55 55
2.667792 -2.770307 0.840523 220 55 55
2.609759 -2.763504 0.792419 220 55 55
7.027112 -1.754404 0.448600 220 55 55
7.090368 -1.815603 0.517005 220 55 55
7.114845 -1.845250 0.495536 220 55 55
7.218680 -1.867865 0.552275 220 55 55
2.781342 -2.871411 0.844243 220 55 55
7.079923 -1.827082 0.472414 220 55 55
7.237148 -1.908450 0.535576 220 55 55
2.751341 -2.859005 0.832462 220 55 55
0.991567 -1.611660 -0.616571 220 55 55
0.976484 -1.617210 -0.646761 220 55 55
0.972148 -1.697675 -0.610896 220 55 55
0.895846 -1.719751 -0.677073 220 55 55
9.073263 2.657109 -0.251979 220 55 55
8.986458 2.592174 -0.341763 220 55 55
9.082370 2.602877 -0.362801 220 55 55
9.041486 2.539975 -0.372307 220 55 55
9.141886 2.534675 -0.354502 220 55 55
7.279077 -1.922200 0.542906 220 55 55
2.625772 -2.792477 0.744771 220 55 55
7.330821 5.290768 -0.425040 220 55 55
7.076205 -1.827051 0.451660 220 55 55
7.119785 -1.845390 0.447215 220 55 55
7.175826 -1.901833 0.489847 220 55 55
2.811712 -2.916594 0.837950 220 55 55
0.679478 3.764063 -0.149749 220 55 55
7.458917 7.165472 -0.946026 220 55 55
9.262491 -4.488491 -0.031184 220 55 55
0.780367 3.579614 -0.229033 220 55 55
7.310737 8.521084 -0.858452 220 55 55
7.343476 5.354339 -0.416024 220 55 55
7.351434 5.350070 -0.456818 220 55 55
7.283561 5.177223 -0.433185 220 55 55
7.311621 5.288972 -0.457483 220 55 55
7.288039 5.236195 -0.467500 220 55 55
7.262335 5.231280 -0.452203 220 55 55
7.326492 5.136433 -0.497534 220 55 55
7.313012 5.192779 -0.500158 220 55 55
7.853133 6.482888 -0.789540 220 55 55
7.866914 6.466732 -0.781077 220 55 55
1.160292 3.233503 -0.204062 220 55 55
7.113840 6.662521 -0.785085 220 55 55
7.341072 -1.980503 0.532342 220 55 55
2.783911 -2.922831 0.800530 220 55 55
2.549864 -3.194280 0.691831 220 55 55
0.641103 3.699650 -0.192464 220 55 55
7.436582 7.086281 -0.953193 220 55 55
7.686209 -2.294682 0.455587 220 55 55
0.231852 2.727317 -0.388902 220 55 55
2.908800 -3.002924 0.812575 220 55 55
2.827987 -2.947003 0.817928 220 55 55
7.221745 -1.925918 0.423688 220 55 55
7.369113 -2.009708 0.527723 220 55 55
7.288419 -1.973198 0.427793 220 55 55
7.399992 -2.046548 0.503209 220 55 55
7.259465 -1.938464 0.389258 220 55 55
7.422108 -2.080328 0.484797 220 55 55
2.963508 -3.030775 0.828856 220 55 55
7.321171 -1.998718 0.396205 220 55 55
7.500387 -2.135231 0.520641 220 55 55
7.517398 -2.153450 0.525458 220 55 55
7.527383 -2.170129 0.505166 220 55 55
7.435924 -2.123004 0.430610 220 55 55
7.541145 -2.194834 0.480433 220 55 55
7.535028 -2.208620 0.431934 220 55 55
1.681090 -1.984065 4.013810 220 55 55
7.486404 -2.179716 0.398427 220 55 55
7.573830 -2.231811 0.446149 220 55 55
7.614869 -2.243589 0.469433 220 55 55
0.194932 3.008913 0.024915 220 55 55
0.264241 2.745471 -0.354244 220 55 55
0.203713 2.722575 -0.308069 220 55 55
0.214746 2.722296 -0.348562 220 55 55
0.285930 2.751884 -0.406058 220 55 55
0.253948 2.735916 -0.389325 220 55 55
7.646658 -2.279643 0.432978 220 55 55
3.052546 -3.243660 0.757061 220 55 55
7.599557 -2.271676 0.385654 220 55 55
7.673072 -2.307286 0.417812 220 55 55
2.620504 -3.211711 0.632664 220 55 55
3.180804 -3.318859 0.768061 220 55 55
7.809625 -2.346421 0.443377 220 55 55
7.941298 -2.509394 0.419570 220 55 55
8.004737 -2.572568 0.420605 220 55 55
8.000934 -2.583860 0.387731 220 55 55
6.825384 -3.362194 0.308043 220 55 55
5.409348 4.843741 0.847657 220 55 55
6.143410 -2.820491 -0.043018 220 55 55
6.132518 -2.846580 -0.022143 220 55 55
6.147236 -2.917288 -0.009394 220 55 55
6.100528 -2.919942 -0.011339 220 55 55
6.118542 -2.826224 -0.048453 220 55 55
6.146881 -2.936598 -0.029634 220 55 55
6.126789 -2.961124 0.000874 220 55 55
6.063684 -2.911544 -0.013467 220 55 55
6.052113 -2.886388 -0.040674 220 55 55
6.126844 -2.976733 -0.036873 220 55 55
6.080522 -2.984657 -0.045845 220 55 55
6.066822 -2.987088 -0.086334 220 55 55
5.652135 -3.505068 -0.027436 220 55 55
5.607752 -3.610224 0.045458 220 55 55
5.596602 -3.682957 0.001443 220 55 55
5.531746 -3.723463 0.042162 220 55 55
5.531107 -3.756857 0.023091 220 55 55
5.440469 -3.825970 -0.011757 220 55 55
5.487980 4.713134 0.623377 220 55 55
5.497490 4.736078 0.626700 220 55 55
6.810414 -3.408016 0.264500 220 55 55
7.343731 -2.988686 0.358657 220 55 55
7.199803 -3.067607 0.236777 220 55 55
7.225557 -3.043997 0.249303 220 55 55
7.398483 -2.918281 0.320741 220 55 55
7.420970 -2.888195 0.304369 220 55 55
7.174104 -3.103394 0.208238 220 55 55
7.468752 -2.854626 0.244727 220 55 55
7.372799 -2.934547 0.202962 220 55 55
1.804455 -1.913450 4.352611 220 55 55
1.705188 -1.984361 3.932842 220 55 55
6.842141 -3.358473 0.279695 220 55 55
1.616082 -2.077019 3.519012 220 55 55
7.958479 1.840793 2.194521 220 55 55
7.129400 -3.130902 0.258036 220 55 55
7.100288 -3.165132 0.213662 220 55 55
7.135286 -3.137836 0.219698 220 55 55
7.297458 -3.006421 0.306679 220 55 55
7.377926 -2.950280 0.346890 220 55 55
7.402603 -2.930263 0.353298 220 55 55
7.290159 -2.989446 0.254939 220 55 55
7.371138 -2.948720 0.316652 220 55 55
7.232535 -3.040592 0.204475 220 55 55
9.087014 8.918666 -0.901006 220 55 55
9.081366 8.890579 -0.929597 220 55 55
9.096482 8.753558 -0.912443 220 55 55
9.104423 8.735698 -0.939807 220 55 55
7.999031 8.776343 -0.899745 220 55 55
8.017868 8.715330 -0.947468 220 55 55
7.643555 9.241977 -0.894349 220 55 55
7.646648 9.184832 -0.893482 220 55 55
7.650689 9.137145 -0.897786 220 55 55
7.920053 7.654173 -0.787205 220 55 55
7.598419 9.245567 -0.913803 220 55 55
7.597064 9.063730 -0.949205 220 55 55
7.937176 7.700392 -0.931945 220 55 55
7.890624 7.639420 -0.920027 220 55 55
7.290605 8.255912 -0.798869 220 55 55
7.891674 7.572176 -0.949647 220 55 55
9.260963 -4.193816 0.000875 220 55 55
9.258780 -4.253036 0.010870 220 55 55
7.327631 8.508834 -0.863612 220 55 55
7.271367 8.289494 -0.818918 220 55 55
7.248429 8.235021 -0.833119 220 55 55
7.277758 8.216823 -0.825554 220 55 55
7.900382 7.540317 -0.958091 220 55 55
9.315626 -4.485044 0.006901 220 55 55
7.242828 8.286161 -0.840897 220 55 55
9.262657 -4.311572 -0.043601 220 55 55
9.291450 -4.526688 -0.003379 220 55 55
9.255964 -4.365974 -0.046440 220 55 55
7.228144 8.230150 -0.878888 220 55 55
7.249250 8.185768 -0.881020 220 55 55
7.272716 8.168239 -0.870409 220 55 55
7.265080 8.129208 -0.866165 220 55 55
9.236073 -4.378007 -0.065817 220 55 55
9.236376 -4.316184 -0.081706 220 55 55
7.457933 7.103213 -0.899343 220 55 55
7.443077 7.062704 -0.896227 220 55 55
7.440197 7.134806 -0.979480 220 55 55
5.731200 7.526118 -0.667205 220 55 55
5.735418 7.613093 -0.697039 220 55 55
5.842802 6.485861 -0.607914 220 55 55
5.659117 7.624826 -0.748060 220 55 55
5.800569 6.454488 -0.692311 220 55 55
5.354454 7.077134 -0.633214 220 55 55
5.353739 6.848934 -0.655398 220 55 55
5.319892 6.819505 -0.708472 220 55 55
5.097699 7.062163 -0.644599 220 55 55
5.075799 7.036539 -0.660198 220 55 55
5.240602 6.948066 -0.748558 220 55 55
5.154046 6.973921 -0.732106 220 55 55
5.145189 6.932441 -0.744650 220 55 55
4.175892 6.847005 -0.588563 220 55 55
4.186494 6.804238 -0.591687 220 55 55
4.209130 6.771800 -0.574557 220 55 55
4.216466 6.731142 -0.583804 220 55 55
4.188211 6.899247 -0.608261 220 55 55
4.136693 6.834712 -0.653673 220 55 55
4.136688 6.855910 -0.691631 220 55 55
7.362648 -2.935684 0.244591 220 55 55
1.262377 3.156842 -0.190120 220 55 55
1.285327 3.100408 -0.198431 220 55 55
7.369876 -2.959041 0.215989 220 55 55
1.120709 3.272532 -0.192913 220 55 55
1.087256 3.291192 -0.204674 220 55 55
1.077306 3.294699 -0.213634 220 55 55
1.078590 3.281597 -0.212425 220 55 55
7.420902 -2.904330 0.206943 220 55 55
0.924866 3.453968 -0.182555 220 55 55
0.877109 3.497232 -0.228314 220 55 55
0.904234 3.459037 -0.207706 220 55 55
0.687198 3.738807 -0.124990 220 55 55
0.751440 3.604840 -0.185000 220 55 55
0.782329 3.579786 -0.177716 220 55 55
0.805216 3.564475 -0.192372 220 55 55
0.700014 3.675629 -0.178863 220 55 55
0.835430 3.519991 -0.252572 220 55 55
0.721364 3.635354 -0.184435 220 55 55
0.677913 3.719305 -0.211437 220 55 55
0.561891 3.820700 -0.198639 220 55 55
0.639634 3.687467 -0.277348 220 55 55
0.581098 3.755307 -0.263838 220 55 55
7.493412 -2.835364 0.211121 220 55 55
3.369324 -2.949755 0.047909 220 55 55
3.373868 -3.032427 0.047744 220 55 55
3.387729 -2.985759 0.005450 220 55 55
3.386725 -3.038302 0.006972 220 55 55
3.536868 -3.152711 -0.030910 220 55 55
3.534921 -3.126454 -0.030980 220 55 55
3.550403 -3.201595 -0.026903 220 55 55
3.544379 -3.157395 -0.050411 220 55 55
7.515374 -2.817226 0.216578 220 55 55
7.108379 6.638729 -0.771796 220 55 55
7.125603 6.636951 -0.814319 220 55 55
6.395228 6.152347 -0.689970 220 55 55
6.324916 6.234562 -0.773660 220 55 55
5.865044 5.643527 -0.609738 220 55 55
5.888309 5.636350 -0.651738 220 55 55
